Supplier,F5L176QEWHT,,5014CK005482,111111CK41208A1346,18/12/2014,2,PRIMAX,802237,2.1,NA,CK16M1412080026-01
Supplier,F5L176QEWHT,,5014CK005481,111111CK41208A1346,18/12/2014,2,PRIMAX,802237,2.1,NA,CK16M1412080026-01
Supplier,F5L176QEWHT,,5014CK005480,111111CK41208A1345,18/12/2014,4,PRIMAX,802237,2.1,NA,CK16M1412080026-01
Supplier,F5L176QEWHT,,5014CK005479,111111CK41208A1345,18/12/2014,4,PRIMAX,802237,2.1,NA,CK16M1412080026-01
Supplier,F5L176QEWHT,,5014CK005478,111111CK41208A1345,18/12/2014,4,PRIMAX,802237,2.1,NA,CK16M1412080026-01
Supplier,F5L176QEWHT,,5014CK005477,111111CK41208A1345,18/12/2014,4,PRIMAX,802237,2.1,NA,CK16M1412080026-01
Supplier,F5L176QEWHT,,5014CK005476,111111CK41208A1344,18/12/2014,4,PRIMAX,802237,2.1,NA,CK16M1412080026-01
Supplier,F5L176QEWHT,,5014CK005475,111111CK41208A1344,18/12/2014,4,PRIMAX,802237,2.1,NA,CK16M1412080026-01
Supplier,F5L176QEWHT,,5014CK005474,111111CK41208A1344,18/12/2014,4,PRIMAX,802237,2.1,NA,CK16M1412080026-01
Supplier,F5L176QEWHT,,5014CK005473,111111CK41208A1344,18/12/2014,4,PRIMAX,802237,2.1,NA,CK16M1412080026-01
Supplier,F5L176QEWHT,,5014CK005472,111111CK41208A1343,18/12/2014,4,PRIMAX,802237,2.1,NA,CK16M1412080026-01
Supplier,F5L176QEWHT,,5014CK005471,111111CK41208A1343,18/12/2014,4,PRIMAX,802237,2.1,NA,CK16M1412080026-01
Supplier,F5L176QEWHT,,5014CK005470,111111CK41208A1343,18/12/2014,4,PRIMAX,802237,2.1,NA,CK16M1412080026-01
Supplier,F5L176QEWHT,,5014CK005469,111111CK41208A1343,18/12/2014,4,PRIMAX,802237,2.1,NA,CK16M1412080026-01
Supplier,F5L176KRWHT,,5014CK002576,111111CK41208A0569,16/12/2014,4,PRIMAX,802237,2.1,NA,CK16M1412080004-02
Supplier,F5L176KRWHT,,5014CK002575,111111CK41208A0569,16/12/2014,4,PRIMAX,802237,2.1,NA,CK16M1412080004-02
Supplier,F5L176KRWHT,,5014CK002574,111111CK41208A0569,16/12/2014,4,PRIMAX,802237,2.1,NA,CK16M1412080004-02
Supplier,F5L176KRWHT,,5014CK002573,111111CK41208A0569,16/12/2014,4,PRIMAX,802237,2.1,NA,CK16M1412080004-02
Supplier,F5L176QEBLK,,5014CK002354,111111CK41208A0517,18/12/2014,2,PRIMAX,802237,2.1,NA,CK16M1412080020-01
Supplier,F5L176QEBLK,,5014CK002353,111111CK41208A0517,18/12/2014,2,PRIMAX,802237,2.1,NA,CK16M1412080020-01
Supplier,F5L176QEBLK,,5014CK002352,111111CK41208A0516,18/12/2014,4,PRIMAX,802237,2.1,NA,CK16M1412080020-01
Supplier,F5L176QEBLK,,5014CK002351,111111CK41208A0516,18/12/2014,4,PRIMAX,802237,2.1,NA,CK16M1412080020-01
Supplier,F5L176QEBLK,,5014CK002350,111111CK41208A0516,18/12/2014,4,PRIMAX,802237,2.1,NA,CK16M1412080020-01
Supplier,F5L176QEBLK,,5014CK002349,111111CK41208A0516,18/12/2014,4,PRIMAX,802237,2.1,NA,CK16M1412080020-01
Supplier,F5L176QEBLK,,5014CK002348,111111CK41208A0515,18/12/2014,4,PRIMAX,802237,2.1,NA,CK16M1412080020-01
Supplier,F5L176QEBLK,,5014CK002347,111111CK41208A0515,18/12/2014,4,PRIMAX,802237,2.1,NA,CK16M1412080020-01
Supplier,F5L176QEBLK,,5014CK002346,111111CK41208A0515,18/12/2014,4,PRIMAX,802237,2.1,NA,CK16M1412080020-01
Supplier,F5L176QEBLK,,5014CK002345,111111CK41208A0515,18/12/2014,4,PRIMAX,802237,2.1,NA,CK16M1412080020-01
Supplier,F5L176QEBLK,,5014CK002344,111111CK41208A0514,18/12/2014,4,PRIMAX,802237,2.1,NA,CK16M1412080020-01
Supplier,F5L176QEBLK,,5014CK002343,111111CK41208A0514,18/12/2014,4,PRIMAX,802237,2.1,NA,CK16M1412080020-01
Supplier,F5L176QEBLK,,5014CK002342,111111CK41208A0514,18/12/2014,4,PRIMAX,802237,2.1,NA,CK16M1412080020-01
Supplier,F5L176QEBLK,,5014CK002341,111111CK41208A0514,18/12/2014,4,PRIMAX,802237,2.1,NA,CK16M1412080020-01
