Supplier,F5L176TTWHT,,5014CK004298,111111CK41208A1017,15/12/2014,4,PRIMAX,224167,2.1,NA,CK16M1412080018
Supplier,F5L176TTWHT,,5014CK004296,111111CK41208A1017,15/12/2014,4,PRIMAX,224167,2.1,NA,CK16M1412080018
Supplier,F5L176TTWHT,,5014CK004180,111111CK41208A1020,15/12/2014,4,PRIMAX,224167,2.1,NA,CK16M1412080018
Supplier,F5L176TTWHT,,5014CK004179,111111CK41208A1020,15/12/2014,4,PRIMAX,224167,2.1,NA,CK16M1412080018
Supplier,F5L176TTWHT,,5014CK004178,111111CK41208A1020,15/12/2014,4,PRIMAX,224167,2.1,NA,CK16M1412080018
Supplier,F5L176TTWHT,,5014CK004177,111111CK41208A1020,15/12/2014,4,PRIMAX,224167,2.1,NA,CK16M1412080018
Supplier,F5L176TTWHT,,5014CK004176,111111CK41208A1019,15/12/2014,4,PRIMAX,224167,2.1,NA,CK16M1412080018
Supplier,F5L176TTWHT,,5014CK004175,111111CK41208A1019,15/12/2014,4,PRIMAX,224167,2.1,NA,CK16M1412080018
Supplier,F5L176TTWHT,,5014CK004174,111111CK41208A1019,15/12/2014,4,PRIMAX,224167,2.1,NA,CK16M1412080018
Supplier,F5L176TTWHT,,5014CK004173,111111CK41208A1019,15/12/2014,4,PRIMAX,224167,2.1,NA,CK16M1412080018
Supplier,F5L176TTWHT,,5014CK004172,111111CK41208A1018,15/12/2014,4,PRIMAX,224167,2.1,NA,CK16M1412080018
Supplier,F5L176TTWHT,,5014CK004171,111111CK41208A1018,15/12/2014,4,PRIMAX,224167,2.1,NA,CK16M1412080018
Supplier,F5L176TTWHT,,5014CK004170,111111CK41208A1018,15/12/2014,4,PRIMAX,224167,2.1,NA,CK16M1412080018
Supplier,F5L176TTWHT,,5014CK004169,111111CK41208A1018,15/12/2014,4,PRIMAX,224167,2.1,NA,CK16M1412080018
Supplier,F5L176TTWHT,,5014CK004166,111111CK41208A1017,15/12/2014,4,PRIMAX,224167,2.1,NA,CK16M1412080018
Supplier,F5L176TTWHT,,5014CK004165,111111CK41208A1017,15/12/2014,4,PRIMAX,224167,2.1,NA,CK16M1412080018
Supplier,F5L176TTWHT,,5014CK004164,111111CK41208A1016,15/12/2014,4,PRIMAX,224167,2.1,NA,CK16M1412080018
Supplier,F5L176TTWHT,,5014CK004163,111111CK41208A1016,15/12/2014,4,PRIMAX,224167,2.1,NA,CK16M1412080018
Supplier,F5L176TTWHT,,5014CK004162,111111CK41208A1016,15/12/2014,4,PRIMAX,224167,2.1,NA,CK16M1412080018
Supplier,F5L176TTWHT,,5014CK004161,111111CK41208A1016,15/12/2014,4,PRIMAX,224167,2.1,NA,CK16M1412080018
Supplier,F5L176TTWHT,,5014CK004160,111111CK41208A1015,15/12/2014,4,PRIMAX,224167,2.1,NA,CK16M1412080018
Supplier,F5L176TTWHT,,5014CK004159,111111CK41208A1015,15/12/2014,4,PRIMAX,224167,2.1,NA,CK16M1412080018
Supplier,F5L176TTWHT,,5014CK004158,111111CK41208A1015,15/12/2014,4,PRIMAX,224167,2.1,NA,CK16M1412080018
Supplier,F5L176TTWHT,,5014CK004157,111111CK41208A1015,15/12/2014,4,PRIMAX,224167,2.1,NA,CK16M1412080018
Supplier,F5L176TTWHT,,5014CK003908,111111CK41208A0952,15/12/2014,4,PRIMAX,224167,2.1,NA,CK16M1412080018
Supplier,F5L176TTWHT,,5014CK003907,111111CK41208A0952,15/12/2014,4,PRIMAX,224167,2.1,NA,CK16M1412080018
Supplier,F5L176TTWHT,,5014CK003906,111111CK41208A0952,15/12/2014,4,PRIMAX,224167,2.1,NA,CK16M1412080018
Supplier,F5L176TTWHT,,5014CK003905,111111CK41208A0952,15/12/2014,4,PRIMAX,224167,2.1,NA,CK16M1412080018
Supplier,F5L176TTWHT,,5014CK003904,111111CK41208A0951,15/12/2014,4,PRIMAX,224167,2.1,NA,CK16M1412080018
Supplier,F5L176TTWHT,,5014CK003903,111111CK41208A0951,15/12/2014,4,PRIMAX,224167,2.1,NA,CK16M1412080018
Supplier,F5L176TTWHT,,5014CK003902,111111CK41208A0951,15/12/2014,4,PRIMAX,224167,2.1,NA,CK16M1412080018
Supplier,F5L176TTWHT,,5014CK003901,111111CK41208A0951,15/12/2014,4,PRIMAX,224167,2.1,NA,CK16M1412080018
Supplier,F5L176TTWHT,,5014CK003900,111111CK41208A0950,15/12/2014,4,PRIMAX,224167,2.1,NA,CK16M1412080018
Supplier,F5L176TTWHT,,5014CK003899,111111CK41208A0950,15/12/2014,4,PRIMAX,224167,2.1,NA,CK16M1412080018
Supplier,F5L176TTWHT,,5014CK003898,111111CK41208A0950,15/12/2014,4,PRIMAX,224167,2.1,NA,CK16M1412080018
Supplier,F5L176TTWHT,,5014CK003897,111111CK41208A0950,15/12/2014,4,PRIMAX,224167,2.1,NA,CK16M1412080018
Supplier,F5L176TTWHT,,5014CK003896,111111CK41208A0949,15/12/2014,4,PRIMAX,224167,2.1,NA,CK16M1412080018
Supplier,F5L176TTWHT,,5014CK003895,111111CK41208A0949,15/12/2014,4,PRIMAX,224167,2.1,NA,CK16M1412080018
Supplier,F5L176TTWHT,,5014CK003894,111111CK41208A0949,15/12/2014,4,PRIMAX,224167,2.1,NA,CK16M1412080018
Supplier,F5L176TTWHT,,5014CK003893,111111CK41208A0949,15/12/2014,4,PRIMAX,224167,2.1,NA,CK16M1412080018
Supplier,F5L176TTWHT,,5014CK003892,111111CK41208A0948,15/12/2014,4,PRIMAX,224167,2.1,NA,CK16M1412080018
Supplier,F5L176TTWHT,,5014CK003891,111111CK41208A0948,15/12/2014,4,PRIMAX,224167,2.1,NA,CK16M1412080018
Supplier,F5L176TTWHT,,5014CK003890,111111CK41208A0948,15/12/2014,4,PRIMAX,224167,2.1,NA,CK16M1412080018
Supplier,F5L176TTWHT,,5014CK003889,111111CK41208A0948,15/12/2014,4,PRIMAX,224167,2.1,NA,CK16M1412080018
Supplier,F5L176TTWHT,,5014CK003888,111111CK41208A0947,15/12/2014,4,PRIMAX,224167,2.1,NA,CK16M1412080018
Supplier,F5L176TTWHT,,5014CK003887,111111CK41208A0947,15/12/2014,4,PRIMAX,224167,2.1,NA,CK16M1412080018
Supplier,F5L176TTWHT,,5014CK003886,111111CK41208A0947,15/12/2014,4,PRIMAX,224167,2.1,NA,CK16M1412080018
Supplier,F5L176TTWHT,,5014CK003885,111111CK41208A0947,15/12/2014,4,PRIMAX,224167,2.1,NA,CK16M1412080018
Supplier,F5L176TTWHT,,5014CK003884,111111CK41208A0946,15/12/2014,4,PRIMAX,224167,2.1,NA,CK16M1412080018
Supplier,F5L176TTWHT,,5014CK003883,111111CK41208A0946,15/12/2014,4,PRIMAX,224167,2.1,NA,CK16M1412080018
Supplier,F5L176TTWHT,,5014CK003882,111111CK41208A0946,15/12/2014,4,PRIMAX,224167,2.1,NA,CK16M1412080018
Supplier,F5L176TTWHT,,5014CK003881,111111CK41208A0946,15/12/2014,4,PRIMAX,224167,2.1,NA,CK16M1412080018
Supplier,F5L176TTWHT,,5014CK003880,111111CK41208A0945,15/12/2014,4,PRIMAX,224167,2.1,NA,CK16M1412080018
Supplier,F5L176TTWHT,,5014CK003879,111111CK41208A0945,15/12/2014,4,PRIMAX,224167,2.1,NA,CK16M1412080018
Supplier,F5L176TTWHT,,5014CK003878,111111CK41208A0945,15/12/2014,4,PRIMAX,224167,2.1,NA,CK16M1412080018
Supplier,F5L176TTWHT,,5014CK003877,111111CK41208A0945,15/12/2014,4,PRIMAX,224167,2.1,NA,CK16M1412080018
Supplier,F5L176TTWHT,,5014CK003876,111111CK41208A0944,15/12/2014,4,PRIMAX,224167,2.1,NA,CK16M1412080018
Supplier,F5L176TTWHT,,5014CK003875,111111CK41208A0944,15/12/2014,4,PRIMAX,224167,2.1,NA,CK16M1412080018
Supplier,F5L176TTWHT,,5014CK003874,111111CK41208A0944,15/12/2014,4,PRIMAX,224167,2.1,NA,CK16M1412080018
Supplier,F5L176TTWHT,,5014CK003873,111111CK41208A0944,15/12/2014,4,PRIMAX,224167,2.1,NA,CK16M1412080018
Supplier,F5L176TTWHT,,5014CK003872,111111CK41208A0943,15/12/2014,4,PRIMAX,224167,2.1,NA,CK16M1412080018
Supplier,F5L176TTWHT,,5014CK003871,111111CK41208A0943,15/12/2014,4,PRIMAX,224167,2.1,NA,CK16M1412080018
Supplier,F5L176TTWHT,,5014CK003870,111111CK41208A0943,15/12/2014,4,PRIMAX,224167,2.1,NA,CK16M1412080018
Supplier,F5L176TTWHT,,5014CK003869,111111CK41208A0943,15/12/2014,4,PRIMAX,224167,2.1,NA,CK16M1412080018
Supplier,F5L176TTWHT,,5014CK003868,111111CK41208A0942,15/12/2014,4,PRIMAX,224167,2.1,NA,CK16M1412080018
Supplier,F5L176TTWHT,,5014CK003867,111111CK41208A0942,15/12/2014,4,PRIMAX,224167,2.1,NA,CK16M1412080018
Supplier,F5L176TTWHT,,5014CK003866,111111CK41208A0942,15/12/2014,4,PRIMAX,224167,2.1,NA,CK16M1412080018
Supplier,F5L176TTWHT,,5014CK003865,111111CK41208A0942,15/12/2014,4,PRIMAX,224167,2.1,NA,CK16M1412080018
Supplier,F5L176TTWHT,,5014CK003864,111111CK41208A0941,15/12/2014,4,PRIMAX,224167,2.1,NA,CK16M1412080018
Supplier,F5L176TTWHT,,5014CK003863,111111CK41208A0941,15/12/2014,4,PRIMAX,224167,2.1,NA,CK16M1412080018
Supplier,F5L176TTWHT,,5014CK003862,111111CK41208A0941,15/12/2014,4,PRIMAX,224167,2.1,NA,CK16M1412080018
Supplier,F5L176TTWHT,,5014CK003861,111111CK41208A0941,15/12/2014,4,PRIMAX,224167,2.1,NA,CK16M1412080018
Supplier,F5L176TTWHT,,5014CK003860,111111CK41208A0940,15/12/2014,4,PRIMAX,224167,2.1,NA,CK16M1412080018
Supplier,F5L176TTWHT,,5014CK003859,111111CK41208A0940,15/12/2014,4,PRIMAX,224167,2.1,NA,CK16M1412080018
Supplier,F5L176TTWHT,,5014CK003858,111111CK41208A0940,15/12/2014,4,PRIMAX,224167,2.1,NA,CK16M1412080018
Supplier,F5L176TTWHT,,5014CK003857,111111CK41208A0940,15/12/2014,4,PRIMAX,224167,2.1,NA,CK16M1412080018
Supplier,F5L176TTWHT,,5014CK003856,111111CK41208A0939,15/12/2014,4,PRIMAX,224167,2.1,NA,CK16M1412080018
Supplier,F5L176TTWHT,,5014CK003855,111111CK41208A0939,15/12/2014,4,PRIMAX,224167,2.1,NA,CK16M1412080018
Supplier,F5L176TTWHT,,5014CK003854,111111CK41208A0939,15/12/2014,4,PRIMAX,224167,2.1,NA,CK16M1412080018
Supplier,F5L176TTWHT,,5014CK003853,111111CK41208A0939,15/12/2014,4,PRIMAX,224167,2.1,NA,CK16M1412080018
Supplier,F5L176TTWHT,,5014CK003852,111111CK41208A0938,15/12/2014,4,PRIMAX,224167,2.1,NA,CK16M1412080018
Supplier,F5L176TTWHT,,5014CK003851,111111CK41208A0938,15/12/2014,4,PRIMAX,224167,2.1,NA,CK16M1412080018
Supplier,F5L176TTWHT,,5014CK003850,111111CK41208A0938,15/12/2014,4,PRIMAX,224167,2.1,NA,CK16M1412080018
Supplier,F5L176TTWHT,,5014CK003849,111111CK41208A0938,15/12/2014,4,PRIMAX,224167,2.1,NA,CK16M1412080018
Supplier,F5L176TTWHT,,5014CK003848,111111CK41208A0937,15/12/2014,4,PRIMAX,224167,2.1,NA,CK16M1412080018
Supplier,F5L176TTWHT,,5014CK003847,111111CK41208A0937,15/12/2014,4,PRIMAX,224167,2.1,NA,CK16M1412080018
Supplier,F5L176TTWHT,,5014CK003846,111111CK41208A0937,15/12/2014,4,PRIMAX,224167,2.1,NA,CK16M1412080018
Supplier,F5L176TTWHT,,5014CK003845,111111CK41208A0937,15/12/2014,4,PRIMAX,224167,2.1,NA,CK16M1412080018
Supplier,F5L176TTWHT,,5014CK003844,111111CK41208A0936,15/12/2014,4,PRIMAX,224167,2.1,NA,CK16M1412080018
Supplier,F5L176TTWHT,,5014CK003843,111111CK41208A0936,15/12/2014,4,PRIMAX,224167,2.1,NA,CK16M1412080018
Supplier,F5L176TTWHT,,5014CK003842,111111CK41208A0936,15/12/2014,4,PRIMAX,224167,2.1,NA,CK16M1412080018
Supplier,F5L176TTWHT,,5014CK003841,111111CK41208A0936,15/12/2014,4,PRIMAX,224167,2.1,NA,CK16M1412080018
Supplier,F5L176TTWHT,,5014CK003840,111111CK41208A0935,15/12/2014,4,PRIMAX,224167,2.1,NA,CK16M1412080018
Supplier,F5L176TTWHT,,5014CK003839,111111CK41208A0935,15/12/2014,4,PRIMAX,224167,2.1,NA,CK16M1412080018
Supplier,F5L176TTWHT,,5014CK003838,111111CK41208A0935,15/12/2014,4,PRIMAX,224167,2.1,NA,CK16M1412080018
Supplier,F5L176TTWHT,,5014CK003837,111111CK41208A0935,15/12/2014,4,PRIMAX,224167,2.1,NA,CK16M1412080018
Supplier,F5L176TTWHT,,5014CK003836,111111CK41208A0934,15/12/2014,4,PRIMAX,224167,2.1,NA,CK16M1412080018
Supplier,F5L176TTWHT,,5014CK003835,111111CK41208A0934,15/12/2014,4,PRIMAX,224167,2.1,NA,CK16M1412080018
Supplier,F5L176TTWHT,,5014CK003834,111111CK41208A0934,15/12/2014,4,PRIMAX,224167,2.1,NA,CK16M1412080018
Supplier,F5L176TTWHT,,5014CK003833,111111CK41208A0934,15/12/2014,4,PRIMAX,224167,2.1,NA,CK16M1412080018
Supplier,F5L176TTWHT,,5014CK003832,111111CK41208A0933,15/12/2014,4,PRIMAX,224167,2.1,NA,CK16M1412080018
Supplier,F5L176TTWHT,,5014CK003831,111111CK41208A0933,15/12/2014,4,PRIMAX,224167,2.1,NA,CK16M1412080018
Supplier,F5L176TTWHT,,5014CK003830,111111CK41208A0933,15/12/2014,4,PRIMAX,224167,2.1,NA,CK16M1412080018
Supplier,F5L176TTWHT,,5014CK003829,111111CK41208A0933,15/12/2014,4,PRIMAX,224167,2.1,NA,CK16M1412080018
Supplier,F5L176TTWHT,,5014CK003828,111111CK41208A0932,15/12/2014,4,PRIMAX,224167,2.1,NA,CK16M1412080018
Supplier,F5L176TTWHT,,5014CK003827,111111CK41208A0932,15/12/2014,4,PRIMAX,224167,2.1,NA,CK16M1412080018
Supplier,F5L176TTWHT,,5014CK003826,111111CK41208A0932,15/12/2014,4,PRIMAX,224167,2.1,NA,CK16M1412080018
Supplier,F5L176TTWHT,,5014CK003825,111111CK41208A0932,15/12/2014,4,PRIMAX,224167,2.1,NA,CK16M1412080018
Supplier,F5L176TTWHT,,5014CK003824,111111CK41208A0931,15/12/2014,4,PRIMAX,224167,2.1,NA,CK16M1412080018
Supplier,F5L176TTWHT,,5014CK003823,111111CK41208A0931,15/12/2014,4,PRIMAX,224167,2.1,NA,CK16M1412080018
Supplier,F5L176TTWHT,,5014CK003822,111111CK41208A0931,15/12/2014,4,PRIMAX,224167,2.1,NA,CK16M1412080018
Supplier,F5L176TTWHT,,5014CK003821,111111CK41208A0931,15/12/2014,4,PRIMAX,224167,2.1,NA,CK16M1412080018
Supplier,F5L176TTWHT,,5014CK003820,111111CK41208A0930,15/12/2014,4,PRIMAX,224167,2.1,NA,CK16M1412080018
Supplier,F5L176TTWHT,,5014CK003819,111111CK41208A0930,15/12/2014,4,PRIMAX,224167,2.1,NA,CK16M1412080018
Supplier,F5L176TTWHT,,5014CK003818,111111CK41208A0930,15/12/2014,4,PRIMAX,224167,2.1,NA,CK16M1412080018
Supplier,F5L176TTWHT,,5014CK003817,111111CK41208A0930,15/12/2014,4,PRIMAX,224167,2.1,NA,CK16M1412080018
Supplier,F5L176TTWHT,,5014CK003816,111111CK41208A0929,15/12/2014,4,PRIMAX,224167,2.1,NA,CK16M1412080018
Supplier,F5L176TTWHT,,5014CK003815,111111CK41208A0929,15/12/2014,4,PRIMAX,224167,2.1,NA,CK16M1412080018
Supplier,F5L176TTWHT,,5014CK003814,111111CK41208A0929,15/12/2014,4,PRIMAX,224167,2.1,NA,CK16M1412080018
Supplier,F5L176TTWHT,,5014CK003813,111111CK41208A0929,15/12/2014,4,PRIMAX,224167,2.1,NA,CK16M1412080018
Supplier,F5L176TTWHT,,5014CK003812,111111CK41208A0928,15/12/2014,4,PRIMAX,224167,2.1,NA,CK16M1412080018
Supplier,F5L176TTWHT,,5014CK003811,111111CK41208A0928,15/12/2014,4,PRIMAX,224167,2.1,NA,CK16M1412080018
Supplier,F5L176TTWHT,,5014CK003810,111111CK41208A0928,15/12/2014,4,PRIMAX,224167,2.1,NA,CK16M1412080018
Supplier,F5L176TTWHT,,5014CK003809,111111CK41208A0928,15/12/2014,4,PRIMAX,224167,2.1,NA,CK16M1412080018
Supplier,F5L176TTWHT,,5014CK003808,111111CK41208A0927,15/12/2014,4,PRIMAX,224167,2.1,NA,CK16M1412080018
Supplier,F5L176TTWHT,,5014CK003807,111111CK41208A0927,15/12/2014,4,PRIMAX,224167,2.1,NA,CK16M1412080018
Supplier,F5L176TTWHT,,5014CK003806,111111CK41208A0927,15/12/2014,4,PRIMAX,224167,2.1,NA,CK16M1412080018
Supplier,F5L176TTWHT,,5014CK003805,111111CK41208A0927,15/12/2014,4,PRIMAX,224167,2.1,NA,CK16M1412080018
Supplier,F5L176TTWHT,,5014CK003804,111111CK41208A0926,15/12/2014,4,PRIMAX,224167,2.1,NA,CK16M1412080018
Supplier,F5L176TTWHT,,5014CK003803,111111CK41208A0926,15/12/2014,4,PRIMAX,224167,2.1,NA,CK16M1412080018
Supplier,F5L176TTWHT,,5014CK003802,111111CK41208A0926,15/12/2014,4,PRIMAX,224167,2.1,NA,CK16M1412080018
Supplier,F5L176TTWHT,,5014CK003801,111111CK41208A0926,15/12/2014,4,PRIMAX,224167,2.1,NA,CK16M1412080018
Supplier,F5L176TTWHT,,5014CK003800,111111CK41208A0925,15/12/2014,4,PRIMAX,224167,2.1,NA,CK16M1412080018
Supplier,F5L176TTWHT,,5014CK003799,111111CK41208A0925,15/12/2014,4,PRIMAX,224167,2.1,NA,CK16M1412080018
Supplier,F5L176TTWHT,,5014CK003798,111111CK41208A0925,15/12/2014,4,PRIMAX,224167,2.1,NA,CK16M1412080018
Supplier,F5L176TTWHT,,5014CK003797,111111CK41208A0925,15/12/2014,4,PRIMAX,224167,2.1,NA,CK16M1412080018
Supplier,F5L176TTWHT,,5014CK003796,111111CK41208A0924,15/12/2014,4,PRIMAX,224167,2.1,NA,CK16M1412080018
Supplier,F5L176TTWHT,,5014CK003795,111111CK41208A0924,15/12/2014,4,PRIMAX,224167,2.1,NA,CK16M1412080018
Supplier,F5L176TTWHT,,5014CK003794,111111CK41208A0924,15/12/2014,4,PRIMAX,224167,2.1,NA,CK16M1412080018
Supplier,F5L176TTWHT,,5014CK003793,111111CK41208A0924,15/12/2014,4,PRIMAX,224167,2.1,NA,CK16M1412080018
Supplier,F5L176TTWHT,,5014CK003792,111111CK41208A0923,15/12/2014,4,PRIMAX,224167,2.1,NA,CK16M1412080018
Supplier,F5L176TTWHT,,5014CK003791,111111CK41208A0923,15/12/2014,4,PRIMAX,224167,2.1,NA,CK16M1412080018
Supplier,F5L176TTWHT,,5014CK003790,111111CK41208A0923,15/12/2014,4,PRIMAX,224167,2.1,NA,CK16M1412080018
Supplier,F5L176TTWHT,,5014CK003789,111111CK41208A0923,15/12/2014,4,PRIMAX,224167,2.1,NA,CK16M1412080018
Supplier,F5L176TTWHT,,5014CK003788,111111CK41208A0922,15/12/2014,4,PRIMAX,224167,2.1,NA,CK16M1412080018
Supplier,F5L176TTWHT,,5014CK003787,111111CK41208A0922,15/12/2014,4,PRIMAX,224167,2.1,NA,CK16M1412080018
Supplier,F5L176TTWHT,,5014CK003786,111111CK41208A0922,15/12/2014,4,PRIMAX,224167,2.1,NA,CK16M1412080018
Supplier,F5L176TTWHT,,5014CK003785,111111CK41208A0922,15/12/2014,4,PRIMAX,224167,2.1,NA,CK16M1412080018
Supplier,F5L176TTWHT,,5014CK003784,111111CK41208A0921,15/12/2014,4,PRIMAX,224167,2.1,NA,CK16M1412080018
Supplier,F5L176TTWHT,,5014CK003783,111111CK41208A0921,15/12/2014,4,PRIMAX,224167,2.1,NA,CK16M1412080018
Supplier,F5L176TTWHT,,5014CK003782,111111CK41208A0921,15/12/2014,4,PRIMAX,224167,2.1,NA,CK16M1412080018
Supplier,F5L176TTWHT,,5014CK003781,111111CK41208A0921,15/12/2014,4,PRIMAX,224167,2.1,NA,CK16M1412080018
Supplier,F5L176TTWHT,,5014CK003780,111111CK41208A0920,15/12/2014,4,PRIMAX,224167,2.1,NA,CK16M1412080018
Supplier,F5L176TTWHT,,5014CK003779,111111CK41208A0920,15/12/2014,4,PRIMAX,224167,2.1,NA,CK16M1412080018
Supplier,F5L176TTWHT,,5014CK003778,111111CK41208A0920,15/12/2014,4,PRIMAX,224167,2.1,NA,CK16M1412080018
Supplier,F5L176TTWHT,,5014CK003777,111111CK41208A0920,15/12/2014,4,PRIMAX,224167,2.1,NA,CK16M1412080018
Supplier,F5L176TTWHT,,5014CK003776,111111CK41208A0919,15/12/2014,4,PRIMAX,224167,2.1,NA,CK16M1412080018
Supplier,F5L176TTWHT,,5014CK003775,111111CK41208A0919,15/12/2014,4,PRIMAX,224167,2.1,NA,CK16M1412080018
Supplier,F5L176TTWHT,,5014CK003774,111111CK41208A0919,15/12/2014,4,PRIMAX,224167,2.1,NA,CK16M1412080018
Supplier,F5L176TTWHT,,5014CK003773,111111CK41208A0919,15/12/2014,4,PRIMAX,224167,2.1,NA,CK16M1412080018
Supplier,F5L176TTWHT,,5014CK003772,111111CK41208A0918,15/12/2014,4,PRIMAX,224167,2.1,NA,CK16M1412080018
Supplier,F5L176TTWHT,,5014CK003771,111111CK41208A0918,15/12/2014,4,PRIMAX,224167,2.1,NA,CK16M1412080018
Supplier,F5L176TTWHT,,5014CK003770,111111CK41208A0918,15/12/2014,4,PRIMAX,224167,2.1,NA,CK16M1412080018
Supplier,F5L176TTWHT,,5014CK003769,111111CK41208A0918,15/12/2014,4,PRIMAX,224167,2.1,NA,CK16M1412080018
Supplier,F5L176TTWHT,,5014CK003768,111111CK41208A0917,15/12/2014,4,PRIMAX,224167,2.1,NA,CK16M1412080018
Supplier,F5L176TTWHT,,5014CK003767,111111CK41208A0917,15/12/2014,4,PRIMAX,224167,2.1,NA,CK16M1412080018
Supplier,F5L176TTWHT,,5014CK003766,111111CK41208A0917,15/12/2014,4,PRIMAX,224167,2.1,NA,CK16M1412080018
Supplier,F5L176TTWHT,,5014CK003765,111111CK41208A0917,15/12/2014,4,PRIMAX,224167,2.1,NA,CK16M1412080018
Supplier,F5L176TTWHT,,5014CK003764,111111CK41208A0916,15/12/2014,4,PRIMAX,224167,2.1,NA,CK16M1412080018
Supplier,F5L176TTWHT,,5014CK003763,111111CK41208A0916,15/12/2014,4,PRIMAX,224167,2.1,NA,CK16M1412080018
Supplier,F5L176TTWHT,,5014CK003762,111111CK41208A0916,15/12/2014,4,PRIMAX,224167,2.1,NA,CK16M1412080018
Supplier,F5L176TTWHT,,5014CK003761,111111CK41208A0916,15/12/2014,4,PRIMAX,224167,2.1,NA,CK16M1412080018
Supplier,F5L176TTWHT,,5014CK003760,111111CK41208A0915,15/12/2014,4,PRIMAX,224167,2.1,NA,CK16M1412080018
Supplier,F5L176TTWHT,,5014CK003759,111111CK41208A0915,15/12/2014,4,PRIMAX,224167,2.1,NA,CK16M1412080018
Supplier,F5L176TTWHT,,5014CK003758,111111CK41208A0915,15/12/2014,4,PRIMAX,224167,2.1,NA,CK16M1412080018
Supplier,F5L176TTWHT,,5014CK003757,111111CK41208A0915,15/12/2014,4,PRIMAX,224167,2.1,NA,CK16M1412080018
Supplier,F5L176TTWHT,,5014CK003756,111111CK41208A0914,15/12/2014,4,PRIMAX,224167,2.1,NA,CK16M1412080018
Supplier,F5L176TTWHT,,5014CK003755,111111CK41208A0914,15/12/2014,4,PRIMAX,224167,2.1,NA,CK16M1412080018
Supplier,F5L176TTWHT,,5014CK003754,111111CK41208A0914,15/12/2014,4,PRIMAX,224167,2.1,NA,CK16M1412080018
Supplier,F5L176TTWHT,,5014CK003753,111111CK41208A0914,15/12/2014,4,PRIMAX,224167,2.1,NA,CK16M1412080018
Supplier,F5L176TTWHT,,5014CK003752,111111CK41208A0913,15/12/2014,4,PRIMAX,224167,2.1,NA,CK16M1412080018
Supplier,F5L176TTWHT,,5014CK003751,111111CK41208A0913,15/12/2014,4,PRIMAX,224167,2.1,NA,CK16M1412080018
Supplier,F5L176TTWHT,,5014CK003750,111111CK41208A0913,15/12/2014,4,PRIMAX,224167,2.1,NA,CK16M1412080018
Supplier,F5L176TTWHT,,5014CK003749,111111CK41208A0913,15/12/2014,4,PRIMAX,224167,2.1,NA,CK16M1412080018
Supplier,F5L176TTWHT,,5014CK003748,111111CK41208A0912,15/12/2014,4,PRIMAX,224167,2.1,NA,CK16M1412080018
Supplier,F5L176TTWHT,,5014CK003747,111111CK41208A0912,15/12/2014,4,PRIMAX,224167,2.1,NA,CK16M1412080018
Supplier,F5L176TTWHT,,5014CK003746,111111CK41208A0912,15/12/2014,4,PRIMAX,224167,2.1,NA,CK16M1412080018
Supplier,F5L176TTWHT,,5014CK003745,111111CK41208A0912,15/12/2014,4,PRIMAX,224167,2.1,NA,CK16M1412080018
Supplier,F5L176TTWHT,,5014CK003744,111111CK41208A0911,15/12/2014,4,PRIMAX,224167,2.1,NA,CK16M1412080018
Supplier,F5L176TTWHT,,5014CK003743,111111CK41208A0911,15/12/2014,4,PRIMAX,224167,2.1,NA,CK16M1412080018
Supplier,F5L176TTWHT,,5014CK003742,111111CK41208A0911,15/12/2014,4,PRIMAX,224167,2.1,NA,CK16M1412080018
Supplier,F5L176TTWHT,,5014CK003741,111111CK41208A0911,15/12/2014,4,PRIMAX,224167,2.1,NA,CK16M1412080018
Supplier,F5L176TTWHT,,5014CK003740,111111CK41208A0910,15/12/2014,4,PRIMAX,224167,2.1,NA,CK16M1412080018
Supplier,F5L176TTWHT,,5014CK003739,111111CK41208A0910,15/12/2014,4,PRIMAX,224167,2.1,NA,CK16M1412080018
Supplier,F5L176TTWHT,,5014CK003738,111111CK41208A0910,15/12/2014,4,PRIMAX,224167,2.1,NA,CK16M1412080018
Supplier,F5L176TTWHT,,5014CK003737,111111CK41208A0910,15/12/2014,4,PRIMAX,224167,2.1,NA,CK16M1412080018
Supplier,F5L176TTWHT,,5014CK003736,111111CK41208A0909,15/12/2014,4,PRIMAX,224167,2.1,NA,CK16M1412080018
Supplier,F5L176TTWHT,,5014CK003735,111111CK41208A0909,15/12/2014,4,PRIMAX,224167,2.1,NA,CK16M1412080018
Supplier,F5L176TTWHT,,5014CK003734,111111CK41208A0909,15/12/2014,4,PRIMAX,224167,2.1,NA,CK16M1412080018
Supplier,F5L176TTWHT,,5014CK003733,111111CK41208A0909,15/12/2014,4,PRIMAX,224167,2.1,NA,CK16M1412080018
Supplier,F5L176TTWHT,,5014CK003732,111111CK41208A0908,15/12/2014,4,PRIMAX,224167,2.1,NA,CK16M1412080018
Supplier,F5L176TTWHT,,5014CK003731,111111CK41208A0908,15/12/2014,4,PRIMAX,224167,2.1,NA,CK16M1412080018
Supplier,F5L176TTWHT,,5014CK003730,111111CK41208A0908,15/12/2014,4,PRIMAX,224167,2.1,NA,CK16M1412080018
Supplier,F5L176TTWHT,,5014CK003729,111111CK41208A0908,15/12/2014,4,PRIMAX,224167,2.1,NA,CK16M1412080018
Supplier,F5L176TTWHT,,5014CK003728,111111CK41208A0907,15/12/2014,4,PRIMAX,224167,2.1,NA,CK16M1412080018
Supplier,F5L176TTWHT,,5014CK003727,111111CK41208A0907,15/12/2014,4,PRIMAX,224167,2.1,NA,CK16M1412080018
Supplier,F5L176TTWHT,,5014CK003726,111111CK41208A0907,15/12/2014,4,PRIMAX,224167,2.1,NA,CK16M1412080018
Supplier,F5L176TTWHT,,5014CK003725,111111CK41208A0907,15/12/2014,4,PRIMAX,224167,2.1,NA,CK16M1412080018
Supplier,F5L176TTWHT,,5014CK003724,111111CK41208A0906,15/12/2014,4,PRIMAX,224167,2.1,NA,CK16M1412080018
Supplier,F5L176TTWHT,,5014CK003723,111111CK41208A0906,15/12/2014,4,PRIMAX,224167,2.1,NA,CK16M1412080018
Supplier,F5L176TTWHT,,5014CK003722,111111CK41208A0906,15/12/2014,4,PRIMAX,224167,2.1,NA,CK16M1412080018
Supplier,F5L176TTWHT,,5014CK003721,111111CK41208A0906,15/12/2014,4,PRIMAX,224167,2.1,NA,CK16M1412080018
Supplier,F5L176TTWHT,,5014CK003720,111111CK41208A0905,15/12/2014,4,PRIMAX,224167,2.1,NA,CK16M1412080018
Supplier,F5L176TTWHT,,5014CK003719,111111CK41208A0905,15/12/2014,4,PRIMAX,224167,2.1,NA,CK16M1412080018
Supplier,F5L176TTWHT,,5014CK003718,111111CK41208A0905,15/12/2014,4,PRIMAX,224167,2.1,NA,CK16M1412080018
Supplier,F5L176TTWHT,,5014CK003717,111111CK41208A0905,15/12/2014,4,PRIMAX,224167,2.1,NA,CK16M1412080018
Supplier,F5L176TTWHT,,5014CK003716,111111CK41208A0904,15/12/2014,4,PRIMAX,224167,2.1,NA,CK16M1412080018
Supplier,F5L176TTWHT,,5014CK003715,111111CK41208A0904,15/12/2014,4,PRIMAX,224167,2.1,NA,CK16M1412080018
Supplier,F5L176TTWHT,,5014CK003714,111111CK41208A0904,15/12/2014,4,PRIMAX,224167,2.1,NA,CK16M1412080018
Supplier,F5L176TTWHT,,5014CK003713,111111CK41208A0904,15/12/2014,4,PRIMAX,224167,2.1,NA,CK16M1412080018
Supplier,F5L176TTWHT,,5014CK003712,111111CK41208A0903,15/12/2014,4,PRIMAX,224167,2.1,NA,CK16M1412080018
Supplier,F5L176TTWHT,,5014CK003711,111111CK41208A0903,15/12/2014,4,PRIMAX,224167,2.1,NA,CK16M1412080018
Supplier,F5L176TTWHT,,5014CK003710,111111CK41208A0903,15/12/2014,4,PRIMAX,224167,2.1,NA,CK16M1412080018
Supplier,F5L176TTWHT,,5014CK003709,111111CK41208A0903,15/12/2014,4,PRIMAX,224167,2.1,NA,CK16M1412080018
Supplier,F5L176TTWHT,,5014CK003708,111111CK41208A0902,15/12/2014,4,PRIMAX,224167,2.1,NA,CK16M1412080018
Supplier,F5L176TTWHT,,5014CK003707,111111CK41208A0902,15/12/2014,4,PRIMAX,224167,2.1,NA,CK16M1412080018
Supplier,F5L176TTWHT,,5014CK003706,111111CK41208A0902,15/12/2014,4,PRIMAX,224167,2.1,NA,CK16M1412080018
Supplier,F5L176TTWHT,,5014CK003705,111111CK41208A0902,15/12/2014,4,PRIMAX,224167,2.1,NA,CK16M1412080018
Supplier,F5L176TTWHT,,5014CK003704,111111CK41208A0901,15/12/2014,4,PRIMAX,224167,2.1,NA,CK16M1412080018
Supplier,F5L176TTWHT,,5014CK003703,111111CK41208A0901,15/12/2014,4,PRIMAX,224167,2.1,NA,CK16M1412080018
Supplier,F5L176TTWHT,,5014CK003702,111111CK41208A0901,15/12/2014,4,PRIMAX,224167,2.1,NA,CK16M1412080018
Supplier,F5L176TTWHT,,5014CK003701,111111CK41208A0901,15/12/2014,4,PRIMAX,224167,2.1,NA,CK16M1412080018
Supplier,F5L176TTWHT,,5014CK003700,111111CK41208A0900,15/12/2014,4,PRIMAX,224167,2.1,NA,CK16M1412080018
Supplier,F5L176TTWHT,,5014CK003699,111111CK41208A0900,15/12/2014,4,PRIMAX,224167,2.1,NA,CK16M1412080018
Supplier,F5L176TTWHT,,5014CK003698,111111CK41208A0900,15/12/2014,4,PRIMAX,224167,2.1,NA,CK16M1412080018
Supplier,F5L176TTWHT,,5014CK003697,111111CK41208A0900,15/12/2014,4,PRIMAX,224167,2.1,NA,CK16M1412080018
Supplier,F5L176TTWHT,,5014CK003696,111111CK41208A0899,15/12/2014,4,PRIMAX,224167,2.1,NA,CK16M1412080018
Supplier,F5L176TTWHT,,5014CK003695,111111CK41208A0899,15/12/2014,4,PRIMAX,224167,2.1,NA,CK16M1412080018
Supplier,F5L176TTWHT,,5014CK003694,111111CK41208A0899,15/12/2014,4,PRIMAX,224167,2.1,NA,CK16M1412080018
Supplier,F5L176TTWHT,,5014CK003693,111111CK41208A0899,15/12/2014,4,PRIMAX,224167,2.1,NA,CK16M1412080018
Supplier,F5L176TTWHT,,5014CK003692,111111CK41208A0898,15/12/2014,4,PRIMAX,224167,2.1,NA,CK16M1412080018
Supplier,F5L176TTWHT,,5014CK003691,111111CK41208A0898,15/12/2014,4,PRIMAX,224167,2.1,NA,CK16M1412080018
Supplier,F5L176TTWHT,,5014CK003690,111111CK41208A0898,15/12/2014,4,PRIMAX,224167,2.1,NA,CK16M1412080018
Supplier,F5L176TTWHT,,5014CK003689,111111CK41208A0898,15/12/2014,4,PRIMAX,224167,2.1,NA,CK16M1412080018
Supplier,F5L176TTWHT,,5014CK003688,111111CK41208A0897,15/12/2014,4,PRIMAX,224167,2.1,NA,CK16M1412080018
Supplier,F5L176TTWHT,,5014CK003687,111111CK41208A0897,15/12/2014,4,PRIMAX,224167,2.1,NA,CK16M1412080018
Supplier,F5L176TTWHT,,5014CK003686,111111CK41208A0897,15/12/2014,4,PRIMAX,224167,2.1,NA,CK16M1412080018
Supplier,F5L176TTWHT,,5014CK003685,111111CK41208A0897,15/12/2014,4,PRIMAX,224167,2.1,NA,CK16M1412080018
Supplier,F5L176TTWHT,,5014CK003684,111111CK41208A0896,15/12/2014,4,PRIMAX,224167,2.1,NA,CK16M1412080018
Supplier,F5L176TTWHT,,5014CK003683,111111CK41208A0896,15/12/2014,4,PRIMAX,224167,2.1,NA,CK16M1412080018
Supplier,F5L176TTWHT,,5014CK003682,111111CK41208A0896,15/12/2014,4,PRIMAX,224167,2.1,NA,CK16M1412080018
Supplier,F5L176TTWHT,,5014CK003681,111111CK41208A0896,15/12/2014,4,PRIMAX,224167,2.1,NA,CK16M1412080018
Supplier,F5L176TTWHT,,5014CK003680,111111CK41208A0895,15/12/2014,4,PRIMAX,224167,2.1,NA,CK16M1412080018
Supplier,F5L176TTWHT,,5014CK003679,111111CK41208A0895,15/12/2014,4,PRIMAX,224167,2.1,NA,CK16M1412080018
Supplier,F5L176TTWHT,,5014CK003678,111111CK41208A0895,15/12/2014,4,PRIMAX,224167,2.1,NA,CK16M1412080018
Supplier,F5L176TTWHT,,5014CK003677,111111CK41208A0895,15/12/2014,4,PRIMAX,224167,2.1,NA,CK16M1412080018
Supplier,F5L176TTWHT,,5014CK003676,111111CK41208A0894,15/12/2014,4,PRIMAX,224167,2.1,NA,CK16M1412080018
Supplier,F5L176TTWHT,,5014CK003675,111111CK41208A0894,15/12/2014,4,PRIMAX,224167,2.1,NA,CK16M1412080018
Supplier,F5L176TTWHT,,5014CK003674,111111CK41208A0894,15/12/2014,4,PRIMAX,224167,2.1,NA,CK16M1412080018
Supplier,F5L176TTWHT,,5014CK003673,111111CK41208A0894,15/12/2014,4,PRIMAX,224167,2.1,NA,CK16M1412080018
Supplier,F5L176TTWHT,,5014CK003672,111111CK41208A0893,15/12/2014,4,PRIMAX,224167,2.1,NA,CK16M1412080018
Supplier,F5L176TTWHT,,5014CK003671,111111CK41208A0893,15/12/2014,4,PRIMAX,224167,2.1,NA,CK16M1412080018
Supplier,F5L176TTWHT,,5014CK003670,111111CK41208A0893,15/12/2014,4,PRIMAX,224167,2.1,NA,CK16M1412080018
Supplier,F5L176TTWHT,,5014CK003669,111111CK41208A0893,15/12/2014,4,PRIMAX,224167,2.1,NA,CK16M1412080018
Supplier,F5L176TTWHT,,5014CK003668,111111CK41208A0892,15/12/2014,4,PRIMAX,224167,2.1,NA,CK16M1412080018
Supplier,F5L176TTWHT,,5014CK003667,111111CK41208A0892,15/12/2014,4,PRIMAX,224167,2.1,NA,CK16M1412080018
Supplier,F5L176TTWHT,,5014CK003666,111111CK41208A0892,15/12/2014,4,PRIMAX,224167,2.1,NA,CK16M1412080018
Supplier,F5L176TTWHT,,5014CK003665,111111CK41208A0892,15/12/2014,4,PRIMAX,224167,2.1,NA,CK16M1412080018
Supplier,F5L176TTWHT,,5014CK003664,111111CK41208A0891,15/12/2014,4,PRIMAX,224167,2.1,NA,CK16M1412080018
Supplier,F5L176TTWHT,,5014CK003663,111111CK41208A0891,15/12/2014,4,PRIMAX,224167,2.1,NA,CK16M1412080018
Supplier,F5L176TTWHT,,5014CK003662,111111CK41208A0891,15/12/2014,4,PRIMAX,224167,2.1,NA,CK16M1412080018
Supplier,F5L176TTWHT,,5014CK003661,111111CK41208A0891,15/12/2014,4,PRIMAX,224167,2.1,NA,CK16M1412080018
Supplier,F5L176TTWHT,,5014CK003660,111111CK41208A0890,15/12/2014,4,PRIMAX,224167,2.1,NA,CK16M1412080018
Supplier,F5L176TTWHT,,5014CK003659,111111CK41208A0890,15/12/2014,4,PRIMAX,224167,2.1,NA,CK16M1412080018
Supplier,F5L176TTWHT,,5014CK003658,111111CK41208A0890,15/12/2014,4,PRIMAX,224167,2.1,NA,CK16M1412080018
Supplier,F5L176TTWHT,,5014CK003657,111111CK41208A0890,15/12/2014,4,PRIMAX,224167,2.1,NA,CK16M1412080018
Supplier,F5L176TTWHT,,5014CK003656,111111CK41208A0889,15/12/2014,4,PRIMAX,224167,2.1,NA,CK16M1412080018
Supplier,F5L176TTWHT,,5014CK003655,111111CK41208A0889,15/12/2014,4,PRIMAX,224167,2.1,NA,CK16M1412080018
Supplier,F5L176TTWHT,,5014CK003654,111111CK41208A0889,15/12/2014,4,PRIMAX,224167,2.1,NA,CK16M1412080018
Supplier,F5L176TTWHT,,5014CK003653,111111CK41208A0889,15/12/2014,4,PRIMAX,224167,2.1,NA,CK16M1412080018
Supplier,F5L176TTWHT,,5014CK003652,111111CK41208A0888,15/12/2014,4,PRIMAX,224167,2.1,NA,CK16M1412080018
Supplier,F5L176TTWHT,,5014CK003651,111111CK41208A0888,15/12/2014,4,PRIMAX,224167,2.1,NA,CK16M1412080018
Supplier,F5L176TTWHT,,5014CK003650,111111CK41208A0888,15/12/2014,4,PRIMAX,224167,2.1,NA,CK16M1412080018
Supplier,F5L176TTWHT,,5014CK003649,111111CK41208A0888,15/12/2014,4,PRIMAX,224167,2.1,NA,CK16M1412080018
Supplier,F5L176TTWHT,,5014CK003648,111111CK41208A0887,15/12/2014,4,PRIMAX,224167,2.1,NA,CK16M1412080018
Supplier,F5L176TTWHT,,5014CK003647,111111CK41208A0887,15/12/2014,4,PRIMAX,224167,2.1,NA,CK16M1412080018
Supplier,F5L176TTWHT,,5014CK003646,111111CK41208A0887,15/12/2014,4,PRIMAX,224167,2.1,NA,CK16M1412080018
Supplier,F5L176TTWHT,,5014CK003645,111111CK41208A0887,15/12/2014,4,PRIMAX,224167,2.1,NA,CK16M1412080018
Supplier,F5L176TTWHT,,5014CK003644,111111CK41208A0886,15/12/2014,4,PRIMAX,224167,2.1,NA,CK16M1412080018
Supplier,F5L176TTWHT,,5014CK003643,111111CK41208A0886,15/12/2014,4,PRIMAX,224167,2.1,NA,CK16M1412080018
Supplier,F5L176TTWHT,,5014CK003642,111111CK41208A0886,15/12/2014,4,PRIMAX,224167,2.1,NA,CK16M1412080018
Supplier,F5L176TTWHT,,5014CK003641,111111CK41208A0886,15/12/2014,4,PRIMAX,224167,2.1,NA,CK16M1412080018
Supplier,F5L176TTWHT,,5014CK003640,111111CK41208A0885,15/12/2014,4,PRIMAX,224167,2.1,NA,CK16M1412080018
Supplier,F5L176TTWHT,,5014CK003639,111111CK41208A0885,15/12/2014,4,PRIMAX,224167,2.1,NA,CK16M1412080018
Supplier,F5L176TTWHT,,5014CK003638,111111CK41208A0885,15/12/2014,4,PRIMAX,224167,2.1,NA,CK16M1412080018
Supplier,F5L176TTWHT,,5014CK003637,111111CK41208A0885,15/12/2014,4,PRIMAX,224167,2.1,NA,CK16M1412080018
Supplier,F5L176TTWHT,,5014CK003636,111111CK41208A0884,15/12/2014,4,PRIMAX,224167,2.1,NA,CK16M1412080018
Supplier,F5L176TTWHT,,5014CK003635,111111CK41208A0884,15/12/2014,4,PRIMAX,224167,2.1,NA,CK16M1412080018
Supplier,F5L176TTWHT,,5014CK003634,111111CK41208A0884,15/12/2014,4,PRIMAX,224167,2.1,NA,CK16M1412080018
Supplier,F5L176TTWHT,,5014CK003633,111111CK41208A0884,15/12/2014,4,PRIMAX,224167,2.1,NA,CK16M1412080018
Supplier,F5L176TTWHT,,5014CK003632,111111CK41208A0883,15/12/2014,4,PRIMAX,224167,2.1,NA,CK16M1412080018
Supplier,F5L176TTWHT,,5014CK003631,111111CK41208A0883,15/12/2014,4,PRIMAX,224167,2.1,NA,CK16M1412080018
Supplier,F5L176TTWHT,,5014CK003630,111111CK41208A0883,15/12/2014,4,PRIMAX,224167,2.1,NA,CK16M1412080018
Supplier,F5L176TTWHT,,5014CK003629,111111CK41208A0883,15/12/2014,4,PRIMAX,224167,2.1,NA,CK16M1412080018
Supplier,F5L176TTWHT,,5014CK003628,111111CK41208A0882,15/12/2014,4,PRIMAX,224167,2.1,NA,CK16M1412080018
Supplier,F5L176TTWHT,,5014CK003627,111111CK41208A0882,15/12/2014,4,PRIMAX,224167,2.1,NA,CK16M1412080018
Supplier,F5L176TTWHT,,5014CK003626,111111CK41208A0882,15/12/2014,4,PRIMAX,224167,2.1,NA,CK16M1412080018
Supplier,F5L176TTWHT,,5014CK003625,111111CK41208A0882,15/12/2014,4,PRIMAX,224167,2.1,NA,CK16M1412080018
Supplier,F5L176TTWHT,,5014CK003624,111111CK41208A0881,15/12/2014,4,PRIMAX,224167,2.1,NA,CK16M1412080018
Supplier,F5L176TTWHT,,5014CK003623,111111CK41208A0881,15/12/2014,4,PRIMAX,224167,2.1,NA,CK16M1412080018
Supplier,F5L176TTWHT,,5014CK003622,111111CK41208A0881,15/12/2014,4,PRIMAX,224167,2.1,NA,CK16M1412080018
Supplier,F5L176TTWHT,,5014CK003621,111111CK41208A0881,15/12/2014,4,PRIMAX,224167,2.1,NA,CK16M1412080018
Supplier,F5L176TTWHT,,5014CK003620,111111CK41208A0880,15/12/2014,4,PRIMAX,224167,2.1,NA,CK16M1412080018
Supplier,F5L176TTWHT,,5014CK003619,111111CK41208A0880,15/12/2014,4,PRIMAX,224167,2.1,NA,CK16M1412080018
Supplier,F5L176TTWHT,,5014CK003618,111111CK41208A0880,15/12/2014,4,PRIMAX,224167,2.1,NA,CK16M1412080018
Supplier,F5L176TTWHT,,5014CK003617,111111CK41208A0880,15/12/2014,4,PRIMAX,224167,2.1,NA,CK16M1412080018
Supplier,F5L176TTWHT,,5014CK003616,111111CK41208A0879,15/12/2014,4,PRIMAX,224167,2.1,NA,CK16M1412080018
Supplier,F5L176TTWHT,,5014CK003615,111111CK41208A0879,15/12/2014,4,PRIMAX,224167,2.1,NA,CK16M1412080018
Supplier,F5L176TTWHT,,5014CK003614,111111CK41208A0879,15/12/2014,4,PRIMAX,224167,2.1,NA,CK16M1412080018
Supplier,F5L176TTWHT,,5014CK003613,111111CK41208A0879,15/12/2014,4,PRIMAX,224167,2.1,NA,CK16M1412080018
Supplier,F5L176TTWHT,,5014CK003612,111111CK41208A0878,15/12/2014,4,PRIMAX,224167,2.1,NA,CK16M1412080018
Supplier,F5L176TTWHT,,5014CK003611,111111CK41208A0878,15/12/2014,4,PRIMAX,224167,2.1,NA,CK16M1412080018
Supplier,F5L176TTWHT,,5014CK003610,111111CK41208A0878,15/12/2014,4,PRIMAX,224167,2.1,NA,CK16M1412080018
Supplier,F5L176TTWHT,,5014CK003609,111111CK41208A0878,15/12/2014,4,PRIMAX,224167,2.1,NA,CK16M1412080018
Supplier,F5L176TTWHT,,5014CK003608,111111CK41208A0877,15/12/2014,4,PRIMAX,224167,2.1,NA,CK16M1412080018
Supplier,F5L176TTWHT,,5014CK003607,111111CK41208A0877,15/12/2014,4,PRIMAX,224167,2.1,NA,CK16M1412080018
Supplier,F5L176TTWHT,,5014CK003606,111111CK41208A0877,15/12/2014,4,PRIMAX,224167,2.1,NA,CK16M1412080018
Supplier,F5L176TTWHT,,5014CK003605,111111CK41208A0877,15/12/2014,4,PRIMAX,224167,2.1,NA,CK16M1412080018
Supplier,F5L176TTWHT,,5014CK003604,111111CK41208A0876,15/12/2014,4,PRIMAX,224167,2.1,NA,CK16M1412080018
Supplier,F5L176TTWHT,,5014CK003603,111111CK41208A0876,15/12/2014,4,PRIMAX,224167,2.1,NA,CK16M1412080018
Supplier,F5L176TTWHT,,5014CK003602,111111CK41208A0876,15/12/2014,4,PRIMAX,224167,2.1,NA,CK16M1412080018
Supplier,F5L176TTWHT,,5014CK003601,111111CK41208A0876,15/12/2014,4,PRIMAX,224167,2.1,NA,CK16M1412080018
Supplier,F5L176TTWHT,,5014CK003600,111111CK41208A0875,15/12/2014,4,PRIMAX,224167,2.1,NA,CK16M1412080018
Supplier,F5L176TTWHT,,5014CK003599,111111CK41208A0875,15/12/2014,4,PRIMAX,224167,2.1,NA,CK16M1412080018
Supplier,F5L176TTWHT,,5014CK003598,111111CK41208A0875,15/12/2014,4,PRIMAX,224167,2.1,NA,CK16M1412080018
Supplier,F5L176TTWHT,,5014CK003597,111111CK41208A0875,15/12/2014,4,PRIMAX,224167,2.1,NA,CK16M1412080018
Supplier,F5L176TTWHT,,5014CK003596,111111CK41208A0874,15/12/2014,4,PRIMAX,224167,2.1,NA,CK16M1412080018
Supplier,F5L176TTWHT,,5014CK003595,111111CK41208A0874,15/12/2014,4,PRIMAX,224167,2.1,NA,CK16M1412080018
Supplier,F5L176TTWHT,,5014CK003594,111111CK41208A0874,15/12/2014,4,PRIMAX,224167,2.1,NA,CK16M1412080018
Supplier,F5L176TTWHT,,5014CK003593,111111CK41208A0874,15/12/2014,4,PRIMAX,224167,2.1,NA,CK16M1412080018
Supplier,F5L176TTWHT,,5014CK003592,111111CK41208A0873,15/12/2014,4,PRIMAX,224167,2.1,NA,CK16M1412080018
Supplier,F5L176TTWHT,,5014CK003591,111111CK41208A0873,15/12/2014,4,PRIMAX,224167,2.1,NA,CK16M1412080018
Supplier,F5L176TTWHT,,5014CK003590,111111CK41208A0873,15/12/2014,4,PRIMAX,224167,2.1,NA,CK16M1412080018
Supplier,F5L176TTWHT,,5014CK003589,111111CK41208A0873,15/12/2014,4,PRIMAX,224167,2.1,NA,CK16M1412080018
Supplier,F5L176TTWHT,,5014CK003588,111111CK41208A0872,15/12/2014,4,PRIMAX,224167,2.1,NA,CK16M1412080018
Supplier,F5L176TTWHT,,5014CK003587,111111CK41208A0872,15/12/2014,4,PRIMAX,224167,2.1,NA,CK16M1412080018
Supplier,F5L176TTWHT,,5014CK003586,111111CK41208A0872,15/12/2014,4,PRIMAX,224167,2.1,NA,CK16M1412080018
Supplier,F5L176TTWHT,,5014CK003585,111111CK41208A0872,15/12/2014,4,PRIMAX,224167,2.1,NA,CK16M1412080018
Supplier,F5L176TTWHT,,5014CK003584,111111CK41208A0871,15/12/2014,4,PRIMAX,224167,2.1,NA,CK16M1412080018
Supplier,F5L176TTWHT,,5014CK003583,111111CK41208A0871,15/12/2014,4,PRIMAX,224167,2.1,NA,CK16M1412080018
Supplier,F5L176TTWHT,,5014CK003582,111111CK41208A0871,15/12/2014,4,PRIMAX,224167,2.1,NA,CK16M1412080018
Supplier,F5L176TTWHT,,5014CK003581,111111CK41208A0871,15/12/2014,4,PRIMAX,224167,2.1,NA,CK16M1412080018
Supplier,F5L176TTWHT,,5014CK003580,111111CK41208A0870,15/12/2014,4,PRIMAX,224167,2.1,NA,CK16M1412080018
Supplier,F5L176TTWHT,,5014CK003579,111111CK41208A0870,15/12/2014,4,PRIMAX,224167,2.1,NA,CK16M1412080018
Supplier,F5L176TTWHT,,5014CK003578,111111CK41208A0870,15/12/2014,4,PRIMAX,224167,2.1,NA,CK16M1412080018
Supplier,F5L176TTWHT,,5014CK003577,111111CK41208A0870,15/12/2014,4,PRIMAX,224167,2.1,NA,CK16M1412080018
Supplier,F5L176TTWHT,,5014CK003576,111111CK41208A0869,15/12/2014,4,PRIMAX,224167,2.1,NA,CK16M1412080018
Supplier,F5L176TTWHT,,5014CK003575,111111CK41208A0869,15/12/2014,4,PRIMAX,224167,2.1,NA,CK16M1412080018
Supplier,F5L176TTWHT,,5014CK003574,111111CK41208A0869,15/12/2014,4,PRIMAX,224167,2.1,NA,CK16M1412080018
Supplier,F5L176TTWHT,,5014CK003573,111111CK41208A0869,15/12/2014,4,PRIMAX,224167,2.1,NA,CK16M1412080018
Supplier,F5L176TTWHT,,5014CK003572,111111CK41208A0868,15/12/2014,4,PRIMAX,224167,2.1,NA,CK16M1412080018
Supplier,F5L176TTWHT,,5014CK003571,111111CK41208A0868,15/12/2014,4,PRIMAX,224167,2.1,NA,CK16M1412080018
Supplier,F5L176TTWHT,,5014CK003570,111111CK41208A0868,15/12/2014,4,PRIMAX,224167,2.1,NA,CK16M1412080018
Supplier,F5L176TTWHT,,5014CK003569,111111CK41208A0868,15/12/2014,4,PRIMAX,224167,2.1,NA,CK16M1412080018
Supplier,F5L176TTWHT,,5014CK003568,111111CK41208A0867,15/12/2014,4,PRIMAX,224167,2.1,NA,CK16M1412080018
Supplier,F5L176TTWHT,,5014CK003567,111111CK41208A0867,15/12/2014,4,PRIMAX,224167,2.1,NA,CK16M1412080018
Supplier,F5L176TTWHT,,5014CK003566,111111CK41208A0867,15/12/2014,4,PRIMAX,224167,2.1,NA,CK16M1412080018
Supplier,F5L176TTWHT,,5014CK003565,111111CK41208A0867,15/12/2014,4,PRIMAX,224167,2.1,NA,CK16M1412080018
Supplier,F5L176TTWHT,,5014CK003564,111111CK41208A0866,15/12/2014,4,PRIMAX,224167,2.1,NA,CK16M1412080018
Supplier,F5L176TTWHT,,5014CK003563,111111CK41208A0866,15/12/2014,4,PRIMAX,224167,2.1,NA,CK16M1412080018
Supplier,F5L176TTWHT,,5014CK003562,111111CK41208A0866,15/12/2014,4,PRIMAX,224167,2.1,NA,CK16M1412080018
Supplier,F5L176TTWHT,,5014CK003561,111111CK41208A0866,15/12/2014,4,PRIMAX,224167,2.1,NA,CK16M1412080018
Supplier,F5L176TTWHT,,5014CK003560,111111CK41208A0865,15/12/2014,4,PRIMAX,224167,2.1,NA,CK16M1412080018
Supplier,F5L176TTWHT,,5014CK003559,111111CK41208A0865,15/12/2014,4,PRIMAX,224167,2.1,NA,CK16M1412080018
Supplier,F5L176TTWHT,,5014CK003558,111111CK41208A0865,15/12/2014,4,PRIMAX,224167,2.1,NA,CK16M1412080018
Supplier,F5L176TTWHT,,5014CK003557,111111CK41208A0865,15/12/2014,4,PRIMAX,224167,2.1,NA,CK16M1412080018
Supplier,F5L176TTWHT,,5014CK003556,111111CK41208A0864,15/12/2014,4,PRIMAX,224167,2.1,NA,CK16M1412080018
Supplier,F5L176TTWHT,,5014CK003555,111111CK41208A0864,15/12/2014,4,PRIMAX,224167,2.1,NA,CK16M1412080018
Supplier,F5L176TTWHT,,5014CK003554,111111CK41208A0864,15/12/2014,4,PRIMAX,224167,2.1,NA,CK16M1412080018
Supplier,F5L176TTWHT,,5014CK003553,111111CK41208A0864,15/12/2014,4,PRIMAX,224167,2.1,NA,CK16M1412080018
Supplier,F5L176TTWHT,,5014CK003552,111111CK41208A0863,15/12/2014,4,PRIMAX,224167,2.1,NA,CK16M1412080018
Supplier,F5L176TTWHT,,5014CK003551,111111CK41208A0863,15/12/2014,4,PRIMAX,224167,2.1,NA,CK16M1412080018
Supplier,F5L176TTWHT,,5014CK003550,111111CK41208A0863,15/12/2014,4,PRIMAX,224167,2.1,NA,CK16M1412080018
Supplier,F5L176TTWHT,,5014CK003549,111111CK41208A0863,15/12/2014,4,PRIMAX,224167,2.1,NA,CK16M1412080018
Supplier,F5L176TTWHT,,5014CK003548,111111CK41208A0862,15/12/2014,4,PRIMAX,224167,2.1,NA,CK16M1412080018
Supplier,F5L176TTWHT,,5014CK003547,111111CK41208A0862,15/12/2014,4,PRIMAX,224167,2.1,NA,CK16M1412080018
Supplier,F5L176TTWHT,,5014CK003546,111111CK41208A0862,15/12/2014,4,PRIMAX,224167,2.1,NA,CK16M1412080018
Supplier,F5L176TTWHT,,5014CK003545,111111CK41208A0862,15/12/2014,4,PRIMAX,224167,2.1,NA,CK16M1412080018
Supplier,F5L176TTWHT,,5014CK003544,111111CK41208A0861,15/12/2014,4,PRIMAX,224167,2.1,NA,CK16M1412080018
Supplier,F5L176TTWHT,,5014CK003543,111111CK41208A0861,15/12/2014,4,PRIMAX,224167,2.1,NA,CK16M1412080018
Supplier,F5L176TTWHT,,5014CK003542,111111CK41208A0861,15/12/2014,4,PRIMAX,224167,2.1,NA,CK16M1412080018
Supplier,F5L176TTWHT,,5014CK003541,111111CK41208A0861,15/12/2014,4,PRIMAX,224167,2.1,NA,CK16M1412080018
Supplier,F5L176TTWHT,,5014CK003540,111111CK41208A0860,15/12/2014,4,PRIMAX,224167,2.1,NA,CK16M1412080018
Supplier,F5L176TTWHT,,5014CK003539,111111CK41208A0860,15/12/2014,4,PRIMAX,224167,2.1,NA,CK16M1412080018
Supplier,F5L176TTWHT,,5014CK003538,111111CK41208A0860,15/12/2014,4,PRIMAX,224167,2.1,NA,CK16M1412080018
Supplier,F5L176TTWHT,,5014CK003537,111111CK41208A0860,15/12/2014,4,PRIMAX,224167,2.1,NA,CK16M1412080018
Supplier,F5L176TTWHT,,5014CK003536,111111CK41208A0859,15/12/2014,4,PRIMAX,224167,2.1,NA,CK16M1412080018
Supplier,F5L176TTWHT,,5014CK003535,111111CK41208A0859,15/12/2014,4,PRIMAX,224167,2.1,NA,CK16M1412080018
Supplier,F5L176TTWHT,,5014CK003534,111111CK41208A0859,15/12/2014,4,PRIMAX,224167,2.1,NA,CK16M1412080018
Supplier,F5L176TTWHT,,5014CK003533,111111CK41208A0859,15/12/2014,4,PRIMAX,224167,2.1,NA,CK16M1412080018
Supplier,F5L176TTWHT,,5014CK003532,111111CK41208A0858,15/12/2014,4,PRIMAX,224167,2.1,NA,CK16M1412080018
Supplier,F5L176TTWHT,,5014CK003531,111111CK41208A0858,15/12/2014,4,PRIMAX,224167,2.1,NA,CK16M1412080018
Supplier,F5L176TTWHT,,5014CK003530,111111CK41208A0858,15/12/2014,4,PRIMAX,224167,2.1,NA,CK16M1412080018
Supplier,F5L176TTWHT,,5014CK003529,111111CK41208A0858,15/12/2014,4,PRIMAX,224167,2.1,NA,CK16M1412080018
Supplier,F5L176TTWHT,,5014CK003528,111111CK41208A0857,15/12/2014,4,PRIMAX,224167,2.1,NA,CK16M1412080018
Supplier,F5L176TTWHT,,5014CK003527,111111CK41208A0857,15/12/2014,4,PRIMAX,224167,2.1,NA,CK16M1412080018
Supplier,F5L176TTWHT,,5014CK003526,111111CK41208A0857,15/12/2014,4,PRIMAX,224167,2.1,NA,CK16M1412080018
Supplier,F5L176TTWHT,,5014CK003525,111111CK41208A0857,15/12/2014,4,PRIMAX,224167,2.1,NA,CK16M1412080018
Supplier,F5L176TTWHT,,5014CK003524,111111CK41208A0856,15/12/2014,4,PRIMAX,224167,2.1,NA,CK16M1412080018
Supplier,F5L176TTWHT,,5014CK003523,111111CK41208A0856,15/12/2014,4,PRIMAX,224167,2.1,NA,CK16M1412080018
Supplier,F5L176TTWHT,,5014CK003522,111111CK41208A0856,15/12/2014,4,PRIMAX,224167,2.1,NA,CK16M1412080018
Supplier,F5L176TTWHT,,5014CK003521,111111CK41208A0856,15/12/2014,4,PRIMAX,224167,2.1,NA,CK16M1412080018
Supplier,F5L176TTWHT,,5014CK003520,111111CK41208A0855,15/12/2014,4,PRIMAX,224167,2.1,NA,CK16M1412080018
Supplier,F5L176TTWHT,,5014CK003519,111111CK41208A0855,15/12/2014,4,PRIMAX,224167,2.1,NA,CK16M1412080018
Supplier,F5L176TTWHT,,5014CK003518,111111CK41208A0855,15/12/2014,4,PRIMAX,224167,2.1,NA,CK16M1412080018
Supplier,F5L176TTWHT,,5014CK003517,111111CK41208A0855,15/12/2014,4,PRIMAX,224167,2.1,NA,CK16M1412080018
Supplier,F5L176TTWHT,,5014CK003516,111111CK41208A0854,15/12/2014,4,PRIMAX,224167,2.1,NA,CK16M1412080018
Supplier,F5L176TTWHT,,5014CK003515,111111CK41208A0854,15/12/2014,4,PRIMAX,224167,2.1,NA,CK16M1412080018
Supplier,F5L176TTWHT,,5014CK003514,111111CK41208A0854,15/12/2014,4,PRIMAX,224167,2.1,NA,CK16M1412080018
Supplier,F5L176TTWHT,,5014CK003513,111111CK41208A0854,15/12/2014,4,PRIMAX,224167,2.1,NA,CK16M1412080018
Supplier,F5L176TTWHT,,5014CK003512,111111CK41208A0853,15/12/2014,4,PRIMAX,224167,2.1,NA,CK16M1412080018
Supplier,F5L176TTWHT,,5014CK003511,111111CK41208A0853,15/12/2014,4,PRIMAX,224167,2.1,NA,CK16M1412080018
Supplier,F5L176TTWHT,,5014CK003510,111111CK41208A0853,15/12/2014,4,PRIMAX,224167,2.1,NA,CK16M1412080018
Supplier,F5L176TTWHT,,5014CK003509,111111CK41208A0853,15/12/2014,4,PRIMAX,224167,2.1,NA,CK16M1412080018
Supplier,F5L176TTWHT,,5014CK003508,111111CK41208A0852,15/12/2014,4,PRIMAX,224167,2.1,NA,CK16M1412080018
Supplier,F5L176TTWHT,,5014CK003507,111111CK41208A0852,15/12/2014,4,PRIMAX,224167,2.1,NA,CK16M1412080018
Supplier,F5L176TTWHT,,5014CK003506,111111CK41208A0852,15/12/2014,4,PRIMAX,224167,2.1,NA,CK16M1412080018
Supplier,F5L176TTWHT,,5014CK003505,111111CK41208A0852,15/12/2014,4,PRIMAX,224167,2.1,NA,CK16M1412080018
Supplier,F5L176TTWHT,,5014CK003504,111111CK41208A0851,15/12/2014,4,PRIMAX,224167,2.1,NA,CK16M1412080018
Supplier,F5L176TTWHT,,5014CK003503,111111CK41208A0851,15/12/2014,4,PRIMAX,224167,2.1,NA,CK16M1412080018
Supplier,F5L176TTWHT,,5014CK003502,111111CK41208A0851,15/12/2014,4,PRIMAX,224167,2.1,NA,CK16M1412080018
Supplier,F5L176TTWHT,,5014CK003501,111111CK41208A0851,15/12/2014,4,PRIMAX,224167,2.1,NA,CK16M1412080018
Supplier,F5L176TTWHT,,5014CK003418,111111CK41208A0805,15/12/2014,2,PRIMAX,224167,2.1,NA,CK16M1412080016-02
Supplier,F5L176TTWHT,,5014CK003417,111111CK41208A0805,15/12/2014,2,PRIMAX,224167,2.1,NA,CK16M1412080016-02
Supplier,F5L176TTWHT,,5014CK003416,111111CK41208A0804,15/12/2014,4,PRIMAX,224167,2.1,NA,CK16M1412080016
Supplier,F5L176TTWHT,,5014CK003415,111111CK41208A0804,15/12/2014,4,PRIMAX,224167,2.1,NA,CK16M1412080016
Supplier,F5L176TTWHT,,5014CK003414,111111CK41208A0804,15/12/2014,4,PRIMAX,224167,2.1,NA,CK16M1412080016
Supplier,F5L176TTWHT,,5014CK003413,111111CK41208A0804,15/12/2014,4,PRIMAX,224167,2.1,NA,CK16M1412080016
Supplier,F5L176TTWHT,,5014CK003412,111111CK41208A0803,15/12/2014,4,PRIMAX,224167,2.1,NA,CK16M1412080016
Supplier,F5L176TTWHT,,5014CK003411,111111CK41208A0803,15/12/2014,4,PRIMAX,224167,2.1,NA,CK16M1412080016
Supplier,F5L176TTWHT,,5014CK003410,111111CK41208A0803,15/12/2014,4,PRIMAX,224167,2.1,NA,CK16M1412080016
Supplier,F5L176TTWHT,,5014CK003409,111111CK41208A0803,15/12/2014,4,PRIMAX,224167,2.1,NA,CK16M1412080016
Supplier,F5L176TTWHT,,5014CK003408,111111CK41208A0802,15/12/2014,4,PRIMAX,224167,2.1,NA,CK16M1412080016
Supplier,F5L176TTWHT,,5014CK003407,111111CK41208A0802,15/12/2014,4,PRIMAX,224167,2.1,NA,CK16M1412080016
Supplier,F5L176TTWHT,,5014CK003406,111111CK41208A0802,15/12/2014,4,PRIMAX,224167,2.1,NA,CK16M1412080016
Supplier,F5L176TTWHT,,5014CK003405,111111CK41208A0802,15/12/2014,4,PRIMAX,224167,2.1,NA,CK16M1412080016
Supplier,F5L176TTWHT,,5014CK003404,111111CK41208A0801,15/12/2014,4,PRIMAX,224167,2.1,NA,CK16M1412080016
Supplier,F5L176TTWHT,,5014CK003403,111111CK41208A0801,15/12/2014,4,PRIMAX,224167,2.1,NA,CK16M1412080016
Supplier,F5L176TTWHT,,5014CK003402,111111CK41208A0801,15/12/2014,4,PRIMAX,224167,2.1,NA,CK16M1412080016
Supplier,F5L176TTWHT,,5014CK003401,111111CK41208A0799,15/12/2014,4,PRIMAX,224167,2.1,NA,CK16M1412080016
Supplier,F5L176TTWHT,,5014CK003400,111111CK41208A0800,15/12/2014,4,PRIMAX,224167,2.1,NA,CK16M1412080016
Supplier,F5L176TTWHT,,5014CK003399,111111CK41208A0800,15/12/2014,4,PRIMAX,224167,2.1,NA,CK16M1412080016
Supplier,F5L176TTWHT,,5014CK003398,111111CK41208A0800,15/12/2014,4,PRIMAX,224167,2.1,NA,CK16M1412080016
Supplier,F5L176TTWHT,,5014CK003397,111111CK41208A0800,15/12/2014,4,PRIMAX,224167,2.1,NA,CK16M1412080016
Supplier,F5L176TTWHT,,5014CK003396,111111CK41208A0801,15/12/2014,4,PRIMAX,224167,2.1,NA,CK16M1412080016
Supplier,F5L176TTWHT,,5014CK003395,111111CK41208A0799,15/12/2014,4,PRIMAX,224167,2.1,NA,CK16M1412080016
Supplier,F5L176TTWHT,,5014CK003394,111111CK41208A0799,15/12/2014,4,PRIMAX,224167,2.1,NA,CK16M1412080016
Supplier,F5L176TTWHT,,5014CK003393,111111CK41208A0799,15/12/2014,4,PRIMAX,224167,2.1,NA,CK16M1412080016
Supplier,F5L176TTWHT,,5014CK003392,111111CK41208A0798,15/12/2014,4,PRIMAX,224167,2.1,NA,CK16M1412080016
Supplier,F5L176TTWHT,,5014CK003391,111111CK41208A0798,15/12/2014,4,PRIMAX,224167,2.1,NA,CK16M1412080016
Supplier,F5L176TTWHT,,5014CK003390,111111CK41208A0798,15/12/2014,4,PRIMAX,224167,2.1,NA,CK16M1412080016
Supplier,F5L176TTWHT,,5014CK003389,111111CK41208A0798,15/12/2014,4,PRIMAX,224167,2.1,NA,CK16M1412080016
Supplier,F5L176TTWHT,,5014CK003388,111111CK41208A0797,15/12/2014,4,PRIMAX,224167,2.1,NA,CK16M1412080016
Supplier,F5L176TTWHT,,5014CK003387,111111CK41208A0797,15/12/2014,4,PRIMAX,224167,2.1,NA,CK16M1412080016
Supplier,F5L176TTWHT,,5014CK003386,111111CK41208A0797,15/12/2014,4,PRIMAX,224167,2.1,NA,CK16M1412080016
Supplier,F5L176TTWHT,,5014CK003385,111111CK41208A0797,15/12/2014,4,PRIMAX,224167,2.1,NA,CK16M1412080016
Supplier,F5L176TTWHT,,5014CK003384,111111CK41208A0796,15/12/2014,4,PRIMAX,224167,2.1,NA,CK16M1412080016
Supplier,F5L176TTWHT,,5014CK003383,111111CK41208A0796,15/12/2014,4,PRIMAX,224167,2.1,NA,CK16M1412080016
Supplier,F5L176TTWHT,,5014CK003382,111111CK41208A0796,15/12/2014,4,PRIMAX,224167,2.1,NA,CK16M1412080016
Supplier,F5L176TTWHT,,5014CK003381,111111CK41208A0796,15/12/2014,4,PRIMAX,224167,2.1,NA,CK16M1412080016
Supplier,F5L176TTWHT,,5014CK003380,111111CK41208A0795,15/12/2014,4,PRIMAX,224167,2.1,NA,CK16M1412080016
Supplier,F5L176TTWHT,,5014CK003379,111111CK41208A0795,15/12/2014,4,PRIMAX,224167,2.1,NA,CK16M1412080016
Supplier,F5L176TTWHT,,5014CK003378,111111CK41208A0795,15/12/2014,4,PRIMAX,224167,2.1,NA,CK16M1412080016
Supplier,F5L176TTWHT,,5014CK003377,111111CK41208A0795,15/12/2014,4,PRIMAX,224167,2.1,NA,CK16M1412080016
Supplier,F5L176TTWHT,,5014CK003376,111111CK41208A0794,15/12/2014,4,PRIMAX,224167,2.1,NA,CK16M1412080016
Supplier,F5L176TTWHT,,5014CK003375,111111CK41208A0794,15/12/2014,4,PRIMAX,224167,2.1,NA,CK16M1412080016
Supplier,F5L176TTWHT,,5014CK003374,111111CK41208A0794,15/12/2014,4,PRIMAX,224167,2.1,NA,CK16M1412080016
Supplier,F5L176TTWHT,,5014CK003373,111111CK41208A0794,15/12/2014,4,PRIMAX,224167,2.1,NA,CK16M1412080016
Supplier,F5L176TTWHT,,5014CK003372,111111CK41208A0793,15/12/2014,4,PRIMAX,224167,2.1,NA,CK16M1412080016
Supplier,F5L176TTWHT,,5014CK003371,111111CK41208A0793,15/12/2014,4,PRIMAX,224167,2.1,NA,CK16M1412080016
Supplier,F5L176TTWHT,,5014CK003370,111111CK41208A0793,15/12/2014,4,PRIMAX,224167,2.1,NA,CK16M1412080016
Supplier,F5L176TTWHT,,5014CK003369,111111CK41208A0793,15/12/2014,4,PRIMAX,224167,2.1,NA,CK16M1412080016
Supplier,F5L176TTWHT,,5014CK003368,111111CK41208A0792,15/12/2014,4,PRIMAX,224167,2.1,NA,CK16M1412080016
Supplier,F5L176TTWHT,,5014CK003367,111111CK41208A0792,15/12/2014,4,PRIMAX,224167,2.1,NA,CK16M1412080016
Supplier,F5L176TTWHT,,5014CK003366,111111CK41208A0792,15/12/2014,4,PRIMAX,224167,2.1,NA,CK16M1412080016
Supplier,F5L176TTWHT,,5014CK003365,111111CK41208A0792,15/12/2014,4,PRIMAX,224167,2.1,NA,CK16M1412080016
Supplier,F5L176TTWHT,,5014CK003364,111111CK41208A0791,15/12/2014,4,PRIMAX,224167,2.1,NA,CK16M1412080016
Supplier,F5L176TTWHT,,5014CK003363,111111CK41208A0791,15/12/2014,4,PRIMAX,224167,2.1,NA,CK16M1412080016
Supplier,F5L176TTWHT,,5014CK003362,111111CK41208A0791,15/12/2014,4,PRIMAX,224167,2.1,NA,CK16M1412080016
Supplier,F5L176TTWHT,,5014CK003361,111111CK41208A0791,15/12/2014,4,PRIMAX,224167,2.1,NA,CK16M1412080016
Supplier,F5L176TTWHT,,5014CK003360,111111CK41208A0790,15/12/2014,4,PRIMAX,224167,2.1,NA,CK16M1412080016
Supplier,F5L176TTWHT,,5014CK003359,111111CK41208A0790,15/12/2014,4,PRIMAX,224167,2.1,NA,CK16M1412080016
Supplier,F5L176TTWHT,,5014CK003358,111111CK41208A0790,15/12/2014,4,PRIMAX,224167,2.1,NA,CK16M1412080016
Supplier,F5L176TTWHT,,5014CK003357,111111CK41208A0790,15/12/2014,4,PRIMAX,224167,2.1,NA,CK16M1412080016
Supplier,F5L176TTWHT,,5014CK003356,111111CK41208A0789,15/12/2014,4,PRIMAX,224167,2.1,NA,CK16M1412080016
Supplier,F5L176TTWHT,,5014CK003355,111111CK41208A0789,15/12/2014,4,PRIMAX,224167,2.1,NA,CK16M1412080016
Supplier,F5L176TTWHT,,5014CK003354,111111CK41208A0789,15/12/2014,4,PRIMAX,224167,2.1,NA,CK16M1412080016
Supplier,F5L176TTWHT,,5014CK003353,111111CK41208A0789,15/12/2014,4,PRIMAX,224167,2.1,NA,CK16M1412080016
Supplier,F5L176TTWHT,,5014CK003352,111111CK41208A0788,15/12/2014,4,PRIMAX,224167,2.1,NA,CK16M1412080016
Supplier,F5L176TTWHT,,5014CK003351,111111CK41208A0788,15/12/2014,4,PRIMAX,224167,2.1,NA,CK16M1412080016
Supplier,F5L176TTWHT,,5014CK003350,111111CK41208A0788,15/12/2014,4,PRIMAX,224167,2.1,NA,CK16M1412080016
Supplier,F5L176TTWHT,,5014CK003349,111111CK41208A0788,15/12/2014,4,PRIMAX,224167,2.1,NA,CK16M1412080016
Supplier,F5L176TTWHT,,5014CK003348,111111CK41208A0787,15/12/2014,4,PRIMAX,224167,2.1,NA,CK16M1412080016
Supplier,F5L176TTWHT,,5014CK003347,111111CK41208A0787,15/12/2014,4,PRIMAX,224167,2.1,NA,CK16M1412080016
Supplier,F5L176TTWHT,,5014CK003346,111111CK41208A0787,15/12/2014,4,PRIMAX,224167,2.1,NA,CK16M1412080016
Supplier,F5L176TTWHT,,5014CK003345,111111CK41208A0787,15/12/2014,4,PRIMAX,224167,2.1,NA,CK16M1412080016
Supplier,F5L176TTWHT,,5014CK003344,111111CK41208A0786,15/12/2014,4,PRIMAX,224167,2.1,NA,CK16M1412080016
Supplier,F5L176TTWHT,,5014CK003343,111111CK41208A0786,15/12/2014,4,PRIMAX,224167,2.1,NA,CK16M1412080016
Supplier,F5L176TTWHT,,5014CK003342,111111CK41208A0786,15/12/2014,4,PRIMAX,224167,2.1,NA,CK16M1412080016
Supplier,F5L176TTWHT,,5014CK003341,111111CK41208A0786,15/12/2014,4,PRIMAX,224167,2.1,NA,CK16M1412080016
Supplier,F5L176TTWHT,,5014CK003340,111111CK41208A0785,15/12/2014,4,PRIMAX,224167,2.1,NA,CK16M1412080016
Supplier,F5L176TTWHT,,5014CK003339,111111CK41208A0785,15/12/2014,4,PRIMAX,224167,2.1,NA,CK16M1412080016
Supplier,F5L176TTWHT,,5014CK003338,111111CK41208A0785,15/12/2014,4,PRIMAX,224167,2.1,NA,CK16M1412080016
Supplier,F5L176TTWHT,,5014CK003337,111111CK41208A0785,15/12/2014,4,PRIMAX,224167,2.1,NA,CK16M1412080016
Supplier,F5L176TTWHT,,5014CK003336,111111CK41208A0784,15/12/2014,4,PRIMAX,224167,2.1,NA,CK16M1412080016
Supplier,F5L176TTWHT,,5014CK003335,111111CK41208A0784,15/12/2014,4,PRIMAX,224167,2.1,NA,CK16M1412080016
Supplier,F5L176TTWHT,,5014CK003334,111111CK41208A0784,15/12/2014,4,PRIMAX,224167,2.1,NA,CK16M1412080016
Supplier,F5L176TTWHT,,5014CK003333,111111CK41208A0784,15/12/2014,4,PRIMAX,224167,2.1,NA,CK16M1412080016
Supplier,F5L176TTWHT,,5014CK003332,111111CK41208A0783,15/12/2014,4,PRIMAX,224167,2.1,NA,CK16M1412080016
Supplier,F5L176TTWHT,,5014CK003331,111111CK41208A0783,15/12/2014,4,PRIMAX,224167,2.1,NA,CK16M1412080016
Supplier,F5L176TTWHT,,5014CK003330,111111CK41208A0783,15/12/2014,4,PRIMAX,224167,2.1,NA,CK16M1412080016
Supplier,F5L176TTWHT,,5014CK003329,111111CK41208A0783,15/12/2014,4,PRIMAX,224167,2.1,NA,CK16M1412080016
Supplier,F5L176TTWHT,,5014CK003328,111111CK41208A0782,15/12/2014,4,PRIMAX,224167,2.1,NA,CK16M1412080016
Supplier,F5L176TTWHT,,5014CK003327,111111CK41208A0782,15/12/2014,4,PRIMAX,224167,2.1,NA,CK16M1412080016
Supplier,F5L176TTWHT,,5014CK003326,111111CK41208A0782,15/12/2014,4,PRIMAX,224167,2.1,NA,CK16M1412080016
Supplier,F5L176TTWHT,,5014CK003325,111111CK41208A0782,15/12/2014,4,PRIMAX,224167,2.1,NA,CK16M1412080016
Supplier,F5L176TTWHT,,5014CK003324,111111CK41208A0781,15/12/2014,4,PRIMAX,224167,2.1,NA,CK16M1412080016
Supplier,F5L176TTWHT,,5014CK003323,111111CK41208A0781,15/12/2014,4,PRIMAX,224167,2.1,NA,CK16M1412080016
Supplier,F5L176TTWHT,,5014CK003322,111111CK41208A0781,15/12/2014,4,PRIMAX,224167,2.1,NA,CK16M1412080016
Supplier,F5L176TTWHT,,5014CK003321,111111CK41208A0781,15/12/2014,4,PRIMAX,224167,2.1,NA,CK16M1412080016
Supplier,F5L176TTWHT,,5014CK003320,111111CK41208A0780,15/12/2014,4,PRIMAX,224167,2.1,NA,CK16M1412080016
Supplier,F5L176TTWHT,,5014CK003319,111111CK41208A0780,15/12/2014,4,PRIMAX,224167,2.1,NA,CK16M1412080016
Supplier,F5L176TTWHT,,5014CK003318,111111CK41208A0780,15/12/2014,4,PRIMAX,224167,2.1,NA,CK16M1412080016
Supplier,F5L176TTWHT,,5014CK003317,111111CK41208A0780,15/12/2014,4,PRIMAX,224167,2.1,NA,CK16M1412080016
Supplier,F5L176TTWHT,,5014CK003316,111111CK41208A0779,15/12/2014,4,PRIMAX,224167,2.1,NA,CK16M1412080016
Supplier,F5L176TTWHT,,5014CK003315,111111CK41208A0779,15/12/2014,4,PRIMAX,224167,2.1,NA,CK16M1412080016
Supplier,F5L176TTWHT,,5014CK003314,111111CK41208A0779,15/12/2014,4,PRIMAX,224167,2.1,NA,CK16M1412080016
Supplier,F5L176TTWHT,,5014CK003313,111111CK41208A0779,15/12/2014,4,PRIMAX,224167,2.1,NA,CK16M1412080016
Supplier,F5L176TTWHT,,5014CK003312,111111CK41208A0778,15/12/2014,4,PRIMAX,224167,2.1,NA,CK16M1412080016
Supplier,F5L176TTWHT,,5014CK003311,111111CK41208A0778,15/12/2014,4,PRIMAX,224167,2.1,NA,CK16M1412080016
Supplier,F5L176TTWHT,,5014CK003310,111111CK41208A0778,15/12/2014,4,PRIMAX,224167,2.1,NA,CK16M1412080016
Supplier,F5L176TTWHT,,5014CK003309,111111CK41208A0778,15/12/2014,4,PRIMAX,224167,2.1,NA,CK16M1412080016
Supplier,F5L176TTWHT,,5014CK003308,111111CK41208A0777,15/12/2014,4,PRIMAX,224167,2.1,NA,CK16M1412080016
Supplier,F5L176TTWHT,,5014CK003307,111111CK41208A0777,15/12/2014,4,PRIMAX,224167,2.1,NA,CK16M1412080016
Supplier,F5L176TTWHT,,5014CK003306,111111CK41208A0777,15/12/2014,4,PRIMAX,224167,2.1,NA,CK16M1412080016
Supplier,F5L176TTWHT,,5014CK003305,111111CK41208A0777,15/12/2014,4,PRIMAX,224167,2.1,NA,CK16M1412080016
Supplier,F5L176TTWHT,,5014CK003304,111111CK41208A0776,15/12/2014,4,PRIMAX,224167,2.1,NA,CK16M1412080016
Supplier,F5L176TTWHT,,5014CK003303,111111CK41208A0776,15/12/2014,4,PRIMAX,224167,2.1,NA,CK16M1412080016
Supplier,F5L176TTWHT,,5014CK003302,111111CK41208A0776,15/12/2014,4,PRIMAX,224167,2.1,NA,CK16M1412080016
Supplier,F5L176TTWHT,,5014CK003301,111111CK41208A0776,15/12/2014,4,PRIMAX,224167,2.1,NA,CK16M1412080016
Supplier,F5L176TTWHT,,5014CK003300,111111CK41208A0775,15/12/2014,4,PRIMAX,224167,2.1,NA,CK16M1412080016
Supplier,F5L176TTWHT,,5014CK003299,111111CK41208A0775,15/12/2014,4,PRIMAX,224167,2.1,NA,CK16M1412080016
Supplier,F5L176TTWHT,,5014CK003298,111111CK41208A0775,15/12/2014,4,PRIMAX,224167,2.1,NA,CK16M1412080016
Supplier,F5L176TTWHT,,5014CK003297,111111CK41208A0775,15/12/2014,4,PRIMAX,224167,2.1,NA,CK16M1412080016
Supplier,F5L176TTWHT,,5014CK003296,111111CK41208A0774,15/12/2014,4,PRIMAX,224167,2.1,NA,CK16M1412080016
Supplier,F5L176TTWHT,,5014CK003295,111111CK41208A0774,15/12/2014,4,PRIMAX,224167,2.1,NA,CK16M1412080016
Supplier,F5L176TTWHT,,5014CK003294,111111CK41208A0774,15/12/2014,4,PRIMAX,224167,2.1,NA,CK16M1412080016
Supplier,F5L176TTWHT,,5014CK003293,111111CK41208A0774,15/12/2014,4,PRIMAX,224167,2.1,NA,CK16M1412080016
Supplier,F5L176TTWHT,,5014CK003292,111111CK41208A0773,15/12/2014,4,PRIMAX,224167,2.1,NA,CK16M1412080016
Supplier,F5L176TTWHT,,5014CK003291,111111CK41208A0773,15/12/2014,4,PRIMAX,224167,2.1,NA,CK16M1412080016
Supplier,F5L176TTWHT,,5014CK003290,111111CK41208A0773,15/12/2014,4,PRIMAX,224167,2.1,NA,CK16M1412080016
Supplier,F5L176TTWHT,,5014CK003289,111111CK41208A0773,15/12/2014,4,PRIMAX,224167,2.1,NA,CK16M1412080016
Supplier,F5L176TTWHT,,5014CK003288,111111CK41208A0772,15/12/2014,4,PRIMAX,224167,2.1,NA,CK16M1412080016
Supplier,F5L176TTWHT,,5014CK003287,111111CK41208A0772,15/12/2014,4,PRIMAX,224167,2.1,NA,CK16M1412080016
Supplier,F5L176TTWHT,,5014CK003286,111111CK41208A0772,15/12/2014,4,PRIMAX,224167,2.1,NA,CK16M1412080016
Supplier,F5L176TTWHT,,5014CK003285,111111CK41208A0772,15/12/2014,4,PRIMAX,224167,2.1,NA,CK16M1412080016
Supplier,F5L176TTWHT,,5014CK003284,111111CK41208A0771,15/12/2014,4,PRIMAX,224167,2.1,NA,CK16M1412080016
Supplier,F5L176TTWHT,,5014CK003283,111111CK41208A0771,15/12/2014,4,PRIMAX,224167,2.1,NA,CK16M1412080016
Supplier,F5L176TTWHT,,5014CK003282,111111CK41208A0771,15/12/2014,4,PRIMAX,224167,2.1,NA,CK16M1412080016
Supplier,F5L176TTWHT,,5014CK003281,111111CK41208A0771,15/12/2014,4,PRIMAX,224167,2.1,NA,CK16M1412080016
Supplier,F5L176TTWHT,,5014CK003280,111111CK41208A0770,15/12/2014,4,PRIMAX,224167,2.1,NA,CK16M1412080016
Supplier,F5L176TTWHT,,5014CK003279,111111CK41208A0770,15/12/2014,4,PRIMAX,224167,2.1,NA,CK16M1412080016
Supplier,F5L176TTWHT,,5014CK003278,111111CK41208A0770,15/12/2014,4,PRIMAX,224167,2.1,NA,CK16M1412080016
Supplier,F5L176TTWHT,,5014CK003277,111111CK41208A0770,15/12/2014,4,PRIMAX,224167,2.1,NA,CK16M1412080016
Supplier,F5L176TTWHT,,5014CK003276,111111CK41208A0769,15/12/2014,4,PRIMAX,224167,2.1,NA,CK16M1412080016
Supplier,F5L176TTWHT,,5014CK003275,111111CK41208A0769,15/12/2014,4,PRIMAX,224167,2.1,NA,CK16M1412080016
Supplier,F5L176TTWHT,,5014CK003274,111111CK41208A0769,15/12/2014,4,PRIMAX,224167,2.1,NA,CK16M1412080016
Supplier,F5L176TTWHT,,5014CK003273,111111CK41208A0769,15/12/2014,4,PRIMAX,224167,2.1,NA,CK16M1412080016
Supplier,F5L176TTWHT,,5014CK003272,111111CK41208A0768,15/12/2014,4,PRIMAX,224167,2.1,NA,CK16M1412080016
Supplier,F5L176TTWHT,,5014CK003271,111111CK41208A0768,15/12/2014,4,PRIMAX,224167,2.1,NA,CK16M1412080016
Supplier,F5L176TTWHT,,5014CK003270,111111CK41208A0768,15/12/2014,4,PRIMAX,224167,2.1,NA,CK16M1412080016
Supplier,F5L176TTWHT,,5014CK003269,111111CK41208A0768,15/12/2014,4,PRIMAX,224167,2.1,NA,CK16M1412080016
Supplier,F5L176TTWHT,,5014CK003268,111111CK41208A0767,15/12/2014,4,PRIMAX,224167,2.1,NA,CK16M1412080016
Supplier,F5L176TTWHT,,5014CK003267,111111CK41208A0767,15/12/2014,4,PRIMAX,224167,2.1,NA,CK16M1412080016
Supplier,F5L176TTWHT,,5014CK003266,111111CK41208A0767,15/12/2014,4,PRIMAX,224167,2.1,NA,CK16M1412080016
Supplier,F5L176TTWHT,,5014CK003265,111111CK41208A0767,15/12/2014,4,PRIMAX,224167,2.1,NA,CK16M1412080016
Supplier,F5L176TTWHT,,5014CK003264,111111CK41208A0766,15/12/2014,4,PRIMAX,224167,2.1,NA,CK16M1412080016
Supplier,F5L176TTWHT,,5014CK003263,111111CK41208A0766,15/12/2014,4,PRIMAX,224167,2.1,NA,CK16M1412080016
Supplier,F5L176TTWHT,,5014CK003262,111111CK41208A0766,15/12/2014,4,PRIMAX,224167,2.1,NA,CK16M1412080016
Supplier,F5L176TTWHT,,5014CK003261,111111CK41208A0766,15/12/2014,4,PRIMAX,224167,2.1,NA,CK16M1412080016
Supplier,F5L176TTWHT,,5014CK003260,111111CK41208A0765,15/12/2014,4,PRIMAX,224167,2.1,NA,CK16M1412080016
Supplier,F5L176TTWHT,,5014CK003259,111111CK41208A0765,15/12/2014,4,PRIMAX,224167,2.1,NA,CK16M1412080016
Supplier,F5L176TTWHT,,5014CK003258,111111CK41208A0765,15/12/2014,4,PRIMAX,224167,2.1,NA,CK16M1412080016
Supplier,F5L176TTWHT,,5014CK003257,111111CK41208A0765,15/12/2014,4,PRIMAX,224167,2.1,NA,CK16M1412080016
Supplier,F5L176TTWHT,,5014CK003256,111111CK41208A0763,15/12/2014,4,PRIMAX,224167,2.1,NA,CK16M1412080016
Supplier,F5L176TTWHT,,5014CK003255,111111CK41208A0763,15/12/2014,4,PRIMAX,224167,2.1,NA,CK16M1412080016
Supplier,F5L176TTWHT,,5014CK003254,111111CK41208A0763,15/12/2014,4,PRIMAX,224167,2.1,NA,CK16M1412080016
Supplier,F5L176TTWHT,,5014CK003253,111111CK41208A0763,15/12/2014,4,PRIMAX,224167,2.1,NA,CK16M1412080016
Supplier,F5L176TTWHT,,5014CK003252,111111CK41208A0762,15/12/2014,4,PRIMAX,224167,2.1,NA,CK16M1412080016
Supplier,F5L176TTWHT,,5014CK003251,111111CK41208A0762,15/12/2014,4,PRIMAX,224167,2.1,NA,CK16M1412080016
Supplier,F5L176TTWHT,,5014CK003250,111111CK41208A0762,15/12/2014,4,PRIMAX,224167,2.1,NA,CK16M1412080016
Supplier,F5L176TTWHT,,5014CK003249,111111CK41208A0762,15/12/2014,4,PRIMAX,224167,2.1,NA,CK16M1412080016
Supplier,F5L176TTWHT,,5014CK003248,111111CK41208A0761,15/12/2014,4,PRIMAX,224167,2.1,NA,CK16M1412080016
Supplier,F5L176TTWHT,,5014CK003247,111111CK41208A0761,15/12/2014,4,PRIMAX,224167,2.1,NA,CK16M1412080016
Supplier,F5L176TTWHT,,5014CK003246,111111CK41208A0761,15/12/2014,4,PRIMAX,224167,2.1,NA,CK16M1412080016
Supplier,F5L176TTWHT,,5014CK003245,111111CK41208A0761,15/12/2014,4,PRIMAX,224167,2.1,NA,CK16M1412080016
Supplier,F5L176TTWHT,,5014CK003244,111111CK41208A0760,15/12/2014,4,PRIMAX,224167,2.1,NA,CK16M1412080016
Supplier,F5L176TTWHT,,5014CK003243,111111CK41208A0760,15/12/2014,4,PRIMAX,224167,2.1,NA,CK16M1412080016
Supplier,F5L176TTWHT,,5014CK003242,111111CK41208A0760,15/12/2014,4,PRIMAX,224167,2.1,NA,CK16M1412080016
Supplier,F5L176TTWHT,,5014CK003241,111111CK41208A0760,15/12/2014,4,PRIMAX,224167,2.1,NA,CK16M1412080016
Supplier,F5L176TTWHT,,5014CK003240,111111CK41208A0759,15/12/2014,4,PRIMAX,224167,2.1,NA,CK16M1412080016
Supplier,F5L176TTWHT,,5014CK003239,111111CK41208A0759,15/12/2014,4,PRIMAX,224167,2.1,NA,CK16M1412080016
Supplier,F5L176TTWHT,,5014CK003238,111111CK41208A0759,15/12/2014,4,PRIMAX,224167,2.1,NA,CK16M1412080016
Supplier,F5L176TTWHT,,5014CK003237,111111CK41208A0759,15/12/2014,4,PRIMAX,224167,2.1,NA,CK16M1412080016
Supplier,F5L176TTWHT,,5014CK003236,111111CK41208A0764,15/12/2014,4,PRIMAX,224167,2.1,NA,CK16M1412080016
Supplier,F5L176TTWHT,,5014CK003235,111111CK41208A0764,15/12/2014,4,PRIMAX,224167,2.1,NA,CK16M1412080016
Supplier,F5L176TTWHT,,5014CK003234,111111CK41208A0764,15/12/2014,4,PRIMAX,224167,2.1,NA,CK16M1412080016
Supplier,F5L176TTWHT,,5014CK003233,111111CK41208A0764,15/12/2014,4,PRIMAX,224167,2.1,NA,CK16M1412080016
Supplier,F5L176TTWHT,,5014CK003232,111111CK41208A0758,15/12/2014,4,PRIMAX,224167,2.1,NA,CK16M1412080016
Supplier,F5L176TTWHT,,5014CK003231,111111CK41208A0758,15/12/2014,4,PRIMAX,224167,2.1,NA,CK16M1412080016
Supplier,F5L176TTWHT,,5014CK003230,111111CK41208A0758,15/12/2014,4,PRIMAX,224167,2.1,NA,CK16M1412080016
Supplier,F5L176TTWHT,,5014CK003229,111111CK41208A0758,15/12/2014,4,PRIMAX,224167,2.1,NA,CK16M1412080016
Supplier,F5L176TTWHT,,5014CK003228,111111CK41208A0757,15/12/2014,4,PRIMAX,224167,2.1,NA,CK16M1412080016
Supplier,F5L176TTWHT,,5014CK003227,111111CK41208A0757,15/12/2014,4,PRIMAX,224167,2.1,NA,CK16M1412080016
Supplier,F5L176TTWHT,,5014CK003226,111111CK41208A0757,15/12/2014,4,PRIMAX,224167,2.1,NA,CK16M1412080016
Supplier,F5L176TTWHT,,5014CK003225,111111CK41208A0757,15/12/2014,4,PRIMAX,224167,2.1,NA,CK16M1412080016
Supplier,F5L176TTWHT,,5014CK003224,111111CK41208A0756,15/12/2014,4,PRIMAX,224167,2.1,NA,CK16M1412080016
Supplier,F5L176TTWHT,,5014CK003223,111111CK41208A0756,15/12/2014,4,PRIMAX,224167,2.1,NA,CK16M1412080016
Supplier,F5L176TTWHT,,5014CK003222,111111CK41208A0756,15/12/2014,4,PRIMAX,224167,2.1,NA,CK16M1412080016
Supplier,F5L176TTWHT,,5014CK003221,111111CK41208A0756,15/12/2014,4,PRIMAX,224167,2.1,NA,CK16M1412080016
Supplier,F5L176TTWHT,,5014CK003220,111111CK41208A0755,15/12/2014,4,PRIMAX,224167,2.1,NA,CK16M1412080016
Supplier,F5L176TTWHT,,5014CK003219,111111CK41208A0755,15/12/2014,4,PRIMAX,224167,2.1,NA,CK16M1412080016
Supplier,F5L176TTWHT,,5014CK003218,111111CK41208A0755,15/12/2014,4,PRIMAX,224167,2.1,NA,CK16M1412080016
Supplier,F5L176TTWHT,,5014CK003217,111111CK41208A0755,15/12/2014,4,PRIMAX,224167,2.1,NA,CK16M1412080016
Supplier,F5L176TTWHT,,5014CK003216,111111CK41208A0754,15/12/2014,4,PRIMAX,224167,2.1,NA,CK16M1412080016
Supplier,F5L176TTWHT,,5014CK003215,111111CK41208A0754,15/12/2014,4,PRIMAX,224167,2.1,NA,CK16M1412080016
Supplier,F5L176TTWHT,,5014CK003214,111111CK41208A0754,15/12/2014,4,PRIMAX,224167,2.1,NA,CK16M1412080016
Supplier,F5L176TTWHT,,5014CK003213,111111CK41208A0754,15/12/2014,4,PRIMAX,224167,2.1,NA,CK16M1412080016
Supplier,F5L176TTWHT,,5014CK003212,111111CK41208A0753,15/12/2014,4,PRIMAX,224167,2.1,NA,CK16M1412080016
Supplier,F5L176TTWHT,,5014CK003211,111111CK41208A0753,15/12/2014,4,PRIMAX,224167,2.1,NA,CK16M1412080016
Supplier,F5L176TTWHT,,5014CK003210,111111CK41208A0753,15/12/2014,4,PRIMAX,224167,2.1,NA,CK16M1412080016
Supplier,F5L176TTWHT,,5014CK003209,111111CK41208A0753,15/12/2014,4,PRIMAX,224167,2.1,NA,CK16M1412080016
Supplier,F5L176TTWHT,,5014CK003208,111111CK41208A0752,15/12/2014,4,PRIMAX,224167,2.1,NA,CK16M1412080016
Supplier,F5L176TTWHT,,5014CK003207,111111CK41208A0752,15/12/2014,4,PRIMAX,224167,2.1,NA,CK16M1412080016
Supplier,F5L176TTWHT,,5014CK003206,111111CK41208A0752,15/12/2014,4,PRIMAX,224167,2.1,NA,CK16M1412080016
Supplier,F5L176TTWHT,,5014CK003205,111111CK41208A0752,15/12/2014,4,PRIMAX,224167,2.1,NA,CK16M1412080016
Supplier,F5L176TTWHT,,5014CK003204,111111CK41208A0751,15/12/2014,4,PRIMAX,224167,2.1,NA,CK16M1412080016
Supplier,F5L176TTWHT,,5014CK003203,111111CK41208A0751,15/12/2014,4,PRIMAX,224167,2.1,NA,CK16M1412080016
Supplier,F5L176TTWHT,,5014CK003202,111111CK41208A0751,15/12/2014,4,PRIMAX,224167,2.1,NA,CK16M1412080016
Supplier,F5L176TTWHT,,5014CK003201,111111CK41208A0751,15/12/2014,4,PRIMAX,224167,2.1,NA,CK16M1412080016
