Supplier,F5L178TTWHT,,4814CW002832,111111CW41125A0104,04/12/2014,4,PRIMAX,222551,1.5,NA,CW16N1411250002
Supplier,F5L178TTWHT,,4814CW002831,111111CW41125A0104,04/12/2014,4,PRIMAX,222551,1.5,NA,CW16N1411250002
Supplier,F5L178TTWHT,,4814CW002830,111111CW41125A0104,04/12/2014,4,PRIMAX,222551,1.5,NA,CW16N1411250002
Supplier,F5L178TTWHT,,4814CW002829,111111CW41125A0104,04/12/2014,4,PRIMAX,222551,1.5,NA,CW16N1411250002
Supplier,F5L178TTWHT,,4814CW002828,111111CW41125A0103,04/12/2014,4,PRIMAX,222551,1.5,NA,CW16N1411250002
Supplier,F5L178TTWHT,,4814CW002827,111111CW41125A0103,04/12/2014,4,PRIMAX,222551,1.5,NA,CW16N1411250002
Supplier,F5L178TTWHT,,4814CW002826,111111CW41125A0103,04/12/2014,4,PRIMAX,222551,1.5,NA,CW16N1411250002
Supplier,F5L178TTWHT,,4814CW002825,111111CW41125A0103,04/12/2014,4,PRIMAX,222551,1.5,NA,CW16N1411250002
Supplier,F5L178TTWHT,,4814CW002824,111111CW41125A0102,04/12/2014,4,PRIMAX,222551,1.5,NA,CW16N1411250002
Supplier,F5L178TTWHT,,4814CW002823,111111CW41125A0102,04/12/2014,4,PRIMAX,222551,1.5,NA,CW16N1411250002
Supplier,F5L178TTWHT,,4814CW002822,111111CW41125A0102,04/12/2014,4,PRIMAX,222551,1.5,NA,CW16N1411250002
Supplier,F5L178TTWHT,,4814CW002821,111111CW41125A0102,04/12/2014,4,PRIMAX,222551,1.5,NA,CW16N1411250002
Supplier,F5L178TTWHT,,4814CW002820,111111CW41125A0101,04/12/2014,4,PRIMAX,222551,1.5,NA,CW16N1411250002
Supplier,F5L178TTWHT,,4814CW002819,111111CW41125A0101,04/12/2014,4,PRIMAX,222551,1.5,NA,CW16N1411250002
Supplier,F5L178TTWHT,,4814CW002818,111111CW41125A0101,04/12/2014,4,PRIMAX,222551,1.5,NA,CW16N1411250002
Supplier,F5L178TTWHT,,4814CW002817,111111CW41125A0101,04/12/2014,4,PRIMAX,222551,1.5,NA,CW16N1411250002
Supplier,F5L178TTWHT,,4814CW002816,111111CW41125A0100,04/12/2014,4,PRIMAX,222551,1.5,NA,CW16N1411250002
Supplier,F5L178TTWHT,,4814CW002815,111111CW41125A0100,04/12/2014,4,PRIMAX,222551,1.5,NA,CW16N1411250002
Supplier,F5L178TTWHT,,4814CW002814,111111CW41125A0100,04/12/2014,4,PRIMAX,222551,1.5,NA,CW16N1411250002
Supplier,F5L178TTWHT,,4814CW002813,111111CW41125A0100,04/12/2014,4,PRIMAX,222551,1.5,NA,CW16N1411250002
Supplier,F5L178TTWHT,,4814CW002812,111111CW41125A0099,04/12/2014,4,PRIMAX,222551,1.5,NA,CW16N1411250002
Supplier,F5L178TTWHT,,4814CW002811,111111CW41125A0099,04/12/2014,4,PRIMAX,222551,1.5,NA,CW16N1411250002
Supplier,F5L178TTWHT,,4814CW002810,111111CW41125A0099,04/12/2014,4,PRIMAX,222551,1.5,NA,CW16N1411250002
Supplier,F5L178TTWHT,,4814CW002809,111111CW41125A0099,04/12/2014,4,PRIMAX,222551,1.5,NA,CW16N1411250002
Supplier,F5L178TTWHT,,4814CW002808,111111CW41125A0098,04/12/2014,4,PRIMAX,222551,1.5,NA,CW16N1411250002
Supplier,F5L178TTWHT,,4814CW002807,111111CW41125A0098,04/12/2014,4,PRIMAX,222551,1.5,NA,CW16N1411250002
Supplier,F5L178TTWHT,,4814CW002806,111111CW41125A0098,04/12/2014,4,PRIMAX,222551,1.5,NA,CW16N1411250002
Supplier,F5L178TTWHT,,4814CW002805,111111CW41125A0098,04/12/2014,4,PRIMAX,222551,1.5,NA,CW16N1411250002
Supplier,F5L178TTWHT,,4814CW002804,111111CW41125A0097,04/12/2014,4,PRIMAX,222551,1.5,NA,CW16N1411250002
Supplier,F5L178TTWHT,,4814CW002803,111111CW41125A0097,04/12/2014,4,PRIMAX,222551,1.5,NA,CW16N1411250002
Supplier,F5L178TTWHT,,4814CW002802,111111CW41125A0097,04/12/2014,4,PRIMAX,222551,1.5,NA,CW16N1411250002
Supplier,F5L178TTWHT,,4814CW002801,111111CW41125A0097,04/12/2014,4,PRIMAX,222551,1.5,NA,CW16N1411250002
Supplier,F5L178TTWHT,,4814CW002800,111111CW41125A0096,04/12/2014,4,PRIMAX,222551,1.5,NA,CW16N1411250002
Supplier,F5L178TTWHT,,4814CW002799,111111CW41125A0096,04/12/2014,4,PRIMAX,222551,1.5,NA,CW16N1411250002
Supplier,F5L178TTWHT,,4814CW002798,111111CW41125A0096,04/12/2014,4,PRIMAX,222551,1.5,NA,CW16N1411250002
Supplier,F5L178TTWHT,,4814CW002797,111111CW41125A0096,04/12/2014,4,PRIMAX,222551,1.5,NA,CW16N1411250002
Supplier,F5L178TTWHT,,4814CW002796,111111CW41125A0095,04/12/2014,4,PRIMAX,222551,1.5,NA,CW16N1411250002
Supplier,F5L178TTWHT,,4814CW002795,111111CW41125A0095,04/12/2014,4,PRIMAX,222551,1.5,NA,CW16N1411250002
Supplier,F5L178TTWHT,,4814CW002794,111111CW41125A0095,04/12/2014,4,PRIMAX,222551,1.5,NA,CW16N1411250002
Supplier,F5L178TTWHT,,4814CW002793,111111CW41125A0095,04/12/2014,4,PRIMAX,222551,1.5,NA,CW16N1411250002
Supplier,F5L178TTWHT,,4814CW002792,111111CW41125A0094,04/12/2014,4,PRIMAX,222551,1.5,NA,CW16N1411250002
Supplier,F5L178TTWHT,,4814CW002791,111111CW41125A0094,04/12/2014,4,PRIMAX,222551,1.5,NA,CW16N1411250002
Supplier,F5L178TTWHT,,4814CW002790,111111CW41125A0094,04/12/2014,4,PRIMAX,222551,1.5,NA,CW16N1411250002
Supplier,F5L178TTWHT,,4814CW002789,111111CW41125A0094,04/12/2014,4,PRIMAX,222551,1.5,NA,CW16N1411250002
Supplier,F5L178TTWHT,,4814CW002788,111111CW41125A0093,04/12/2014,4,PRIMAX,222551,1.5,NA,CW16N1411250002
Supplier,F5L178TTWHT,,4814CW002787,111111CW41125A0093,04/12/2014,4,PRIMAX,222551,1.5,NA,CW16N1411250002
Supplier,F5L178TTWHT,,4814CW002786,111111CW41125A0093,04/12/2014,4,PRIMAX,222551,1.5,NA,CW16N1411250002
Supplier,F5L178TTWHT,,4814CW002785,111111CW41125A0093,04/12/2014,4,PRIMAX,222551,1.5,NA,CW16N1411250002
Supplier,F5L178TTWHT,,4814CW002784,111111CW41125A0092,04/12/2014,4,PRIMAX,222551,1.5,NA,CW16N1411250002
Supplier,F5L178TTWHT,,4814CW002783,111111CW41125A0092,04/12/2014,4,PRIMAX,222551,1.5,NA,CW16N1411250002
Supplier,F5L178TTWHT,,4814CW002782,111111CW41125A0092,04/12/2014,4,PRIMAX,222551,1.5,NA,CW16N1411250002
Supplier,F5L178TTWHT,,4814CW002781,111111CW41125A0092,04/12/2014,4,PRIMAX,222551,1.5,NA,CW16N1411250002
Supplier,F5L178TTWHT,,4814CW002780,111111CW41125A0091,04/12/2014,4,PRIMAX,222551,1.5,NA,CW16N1411250002
Supplier,F5L178TTWHT,,4814CW002779,111111CW41125A0091,04/12/2014,4,PRIMAX,222551,1.5,NA,CW16N1411250002
Supplier,F5L178TTWHT,,4814CW002778,111111CW41125A0091,04/12/2014,4,PRIMAX,222551,1.5,NA,CW16N1411250002
Supplier,F5L178TTWHT,,4814CW002777,111111CW41125A0091,04/12/2014,4,PRIMAX,222551,1.5,NA,CW16N1411250002
Supplier,F5L178TTWHT,,4814CW002776,111111CW41125A0090,04/12/2014,4,PRIMAX,222551,1.5,NA,CW16N1411250002
Supplier,F5L178TTWHT,,4814CW002775,111111CW41125A0090,04/12/2014,4,PRIMAX,222551,1.5,NA,CW16N1411250002
Supplier,F5L178TTWHT,,4814CW002774,111111CW41125A0090,04/12/2014,4,PRIMAX,222551,1.5,NA,CW16N1411250002
Supplier,F5L178TTWHT,,4814CW002773,111111CW41125A0090,04/12/2014,4,PRIMAX,222551,1.5,NA,CW16N1411250002
Supplier,F5L178TTWHT,,4814CW002772,111111CW41125A0089,04/12/2014,4,PRIMAX,222551,1.5,NA,CW16N1411250002
Supplier,F5L178TTWHT,,4814CW002771,111111CW41125A0089,04/12/2014,4,PRIMAX,222551,1.5,NA,CW16N1411250002
Supplier,F5L178TTWHT,,4814CW002770,111111CW41125A0089,04/12/2014,4,PRIMAX,222551,1.5,NA,CW16N1411250002
Supplier,F5L178TTWHT,,4814CW002769,111111CW41125A0089,04/12/2014,4,PRIMAX,222551,1.5,NA,CW16N1411250002
Supplier,F5L178TTWHT,,4814CW002768,111111CW41125A0088,04/12/2014,4,PRIMAX,222551,1.5,NA,CW16N1411250002
Supplier,F5L178TTWHT,,4814CW002767,111111CW41125A0088,04/12/2014,4,PRIMAX,222551,1.5,NA,CW16N1411250002
Supplier,F5L178TTWHT,,4814CW002766,111111CW41125A0088,04/12/2014,4,PRIMAX,222551,1.5,NA,CW16N1411250002
Supplier,F5L178TTWHT,,4814CW002765,111111CW41125A0088,04/12/2014,4,PRIMAX,222551,1.5,NA,CW16N1411250002
Supplier,F5L178TTWHT,,4814CW002764,111111CW41125A0087,04/12/2014,4,PRIMAX,222551,1.5,NA,CW16N1411250002
Supplier,F5L178TTWHT,,4814CW002763,111111CW41125A0087,04/12/2014,4,PRIMAX,222551,1.5,NA,CW16N1411250002
Supplier,F5L178TTWHT,,4814CW002762,111111CW41125A0087,04/12/2014,4,PRIMAX,222551,1.5,NA,CW16N1411250002
Supplier,F5L178TTWHT,,4814CW002761,111111CW41125A0087,04/12/2014,4,PRIMAX,222551,1.5,NA,CW16N1411250002
Supplier,F5L178TTWHT,,4814CW002760,111111CW41125A0086,04/12/2014,4,PRIMAX,222551,1.5,NA,CW16N1411250002
Supplier,F5L178TTWHT,,4814CW002759,111111CW41125A0086,04/12/2014,4,PRIMAX,222551,1.5,NA,CW16N1411250002
Supplier,F5L178TTWHT,,4814CW002758,111111CW41125A0086,04/12/2014,4,PRIMAX,222551,1.5,NA,CW16N1411250002
Supplier,F5L178TTWHT,,4814CW002757,111111CW41125A0086,04/12/2014,4,PRIMAX,222551,1.5,NA,CW16N1411250002
Supplier,F5L178TTWHT,,4814CW002756,111111CW41125A0085,04/12/2014,4,PRIMAX,222551,1.5,NA,CW16N1411250002
Supplier,F5L178TTWHT,,4814CW002755,111111CW41125A0085,04/12/2014,4,PRIMAX,222551,1.5,NA,CW16N1411250002
Supplier,F5L178TTWHT,,4814CW002754,111111CW41125A0085,04/12/2014,4,PRIMAX,222551,1.5,NA,CW16N1411250002
Supplier,F5L178TTWHT,,4814CW002753,111111CW41125A0085,04/12/2014,4,PRIMAX,222551,1.5,NA,CW16N1411250002
Supplier,F5L178TTWHT,,4814CW002752,111111CW41125A0084,04/12/2014,4,PRIMAX,222551,1.5,NA,CW16N1411250002
Supplier,F5L178TTWHT,,4814CW002751,111111CW41125A0084,04/12/2014,4,PRIMAX,222551,1.5,NA,CW16N1411250002
Supplier,F5L178TTWHT,,4814CW002750,111111CW41125A0084,04/12/2014,4,PRIMAX,222551,1.5,NA,CW16N1411250002
Supplier,F5L178TTWHT,,4814CW002749,111111CW41125A0084,04/12/2014,4,PRIMAX,222551,1.5,NA,CW16N1411250002
Supplier,F5L178TTWHT,,4814CW002748,111111CW41125A0083,04/12/2014,4,PRIMAX,222551,1.5,NA,CW16N1411250002
Supplier,F5L178TTWHT,,4814CW002747,111111CW41125A0083,04/12/2014,4,PRIMAX,222551,1.5,NA,CW16N1411250002
Supplier,F5L178TTWHT,,4814CW002746,111111CW41125A0083,04/12/2014,4,PRIMAX,222551,1.5,NA,CW16N1411250002
Supplier,F5L178TTWHT,,4814CW002745,111111CW41125A0083,04/12/2014,4,PRIMAX,222551,1.5,NA,CW16N1411250002
Supplier,F5L178TTWHT,,4814CW002744,111111CW41125A0082,04/12/2014,4,PRIMAX,222551,1.5,NA,CW16N1411250002
Supplier,F5L178TTWHT,,4814CW002743,111111CW41125A0082,04/12/2014,4,PRIMAX,222551,1.5,NA,CW16N1411250002
Supplier,F5L178TTWHT,,4814CW002742,111111CW41125A0082,04/12/2014,4,PRIMAX,222551,1.5,NA,CW16N1411250002
Supplier,F5L178TTWHT,,4814CW002741,111111CW41125A0082,04/12/2014,4,PRIMAX,222551,1.5,NA,CW16N1411250002
Supplier,F5L178TTWHT,,4814CW002740,111111CW41125A0081,04/12/2014,4,PRIMAX,222551,1.5,NA,CW16N1411250002
Supplier,F5L178TTWHT,,4814CW002739,111111CW41125A0081,04/12/2014,4,PRIMAX,222551,1.5,NA,CW16N1411250002
Supplier,F5L178TTWHT,,4814CW002738,111111CW41125A0081,04/12/2014,4,PRIMAX,222551,1.5,NA,CW16N1411250002
Supplier,F5L178TTWHT,,4814CW002737,111111CW41125A0081,04/12/2014,4,PRIMAX,222551,1.5,NA,CW16N1411250002
Supplier,F5L178TTWHT,,4814CW002736,111111CW41125A0080,04/12/2014,4,PRIMAX,222551,1.5,NA,CW16N1411250002
Supplier,F5L178TTWHT,,4814CW002735,111111CW41125A0080,04/12/2014,4,PRIMAX,222551,1.5,NA,CW16N1411250002
Supplier,F5L178TTWHT,,4814CW002734,111111CW41125A0080,04/12/2014,4,PRIMAX,222551,1.5,NA,CW16N1411250002
Supplier,F5L178TTWHT,,4814CW002733,111111CW41125A0080,04/12/2014,4,PRIMAX,222551,1.5,NA,CW16N1411250002
