Supplier,F5L178TTWHT,NA,4714CW015000,111111CW41122A0263,29/11/2014,4,PRIMAX,222551,1.5,NA,CW16N1411220003
Supplier,F5L178TTWHT,NA,4714CW014999,111111CW41122A0263,29/11/2014,4,PRIMAX,222551,1.5,NA,CW16N1411220003
Supplier,F5L178TTWHT,NA,4714CW014998,111111CW41122A0263,29/11/2014,4,PRIMAX,222551,1.5,NA,CW16N1411220003
Supplier,F5L178TTWHT,NA,4714CW014997,111111CW41122A0263,29/11/2014,4,PRIMAX,222551,1.5,NA,CW16N1411220003
Supplier,F5L178TTWHT,NA,4714CW014996,111111CW41122A0262,29/11/2014,4,PRIMAX,222551,1.5,NA,CW16N1411220003
Supplier,F5L178TTWHT,NA,4714CW014995,111111CW41122A0262,29/11/2014,4,PRIMAX,222551,1.5,NA,CW16N1411220003
Supplier,F5L178TTWHT,NA,4714CW014994,111111CW41122A0262,29/11/2014,4,PRIMAX,222551,1.5,NA,CW16N1411220003
Supplier,F5L178TTWHT,NA,4714CW014993,111111CW41122A0262,29/11/2014,4,PRIMAX,222551,1.5,NA,CW16N1411220003
Supplier,F5L178TTWHT,NA,4714CW014992,111111CW41122A0261,29/11/2014,4,PRIMAX,222551,1.5,NA,CW16N1411220003
Supplier,F5L178TTWHT,NA,4714CW014991,111111CW41122A0261,29/11/2014,4,PRIMAX,222551,1.5,NA,CW16N1411220003
Supplier,F5L178TTWHT,NA,4714CW014990,111111CW41122A0261,29/11/2014,4,PRIMAX,222551,1.5,NA,CW16N1411220003
Supplier,F5L178TTWHT,NA,4714CW014989,111111CW41122A0261,29/11/2014,4,PRIMAX,222551,1.5,NA,CW16N1411220003
Supplier,F5L178TTWHT,NA,4714CW014988,111111CW41122A0260,29/11/2014,4,PRIMAX,222551,1.5,NA,CW16N1411220003
Supplier,F5L178TTWHT,NA,4714CW014987,111111CW41122A0260,29/11/2014,4,PRIMAX,222551,1.5,NA,CW16N1411220003
Supplier,F5L178TTWHT,NA,4714CW014986,111111CW41122A0260,29/11/2014,4,PRIMAX,222551,1.5,NA,CW16N1411220003
Supplier,F5L178TTWHT,NA,4714CW014985,111111CW41122A0260,29/11/2014,4,PRIMAX,222551,1.5,NA,CW16N1411220003
Supplier,F5L178TTWHT,NA,4714CW014984,111111CW41122A0259,29/11/2014,4,PRIMAX,222551,1.5,NA,CW16N1411220003
Supplier,F5L178TTWHT,NA,4714CW014983,111111CW41122A0259,29/11/2014,4,PRIMAX,222551,1.5,NA,CW16N1411220003
Supplier,F5L178TTWHT,NA,4714CW014982,111111CW41122A0259,29/11/2014,4,PRIMAX,222551,1.5,NA,CW16N1411220003
Supplier,F5L178TTWHT,NA,4714CW014981,111111CW41122A0259,29/11/2014,4,PRIMAX,222551,1.5,NA,CW16N1411220003
Supplier,F5L178TTWHT,NA,4714CW014980,111111CW41122A0258,29/11/2014,4,PRIMAX,222551,1.5,NA,CW16N1411220003
Supplier,F5L178TTWHT,NA,4714CW014979,111111CW41122A0258,29/11/2014,4,PRIMAX,222551,1.5,NA,CW16N1411220003
Supplier,F5L178TTWHT,NA,4714CW014978,111111CW41122A0258,29/11/2014,4,PRIMAX,222551,1.5,NA,CW16N1411220003
Supplier,F5L178TTWHT,NA,4714CW014977,111111CW41122A0258,29/11/2014,4,PRIMAX,222551,1.5,NA,CW16N1411220003
Supplier,F5L178TTWHT,NA,4714CW014976,111111CW41122A0257,29/11/2014,4,PRIMAX,222551,1.5,NA,CW16N1411220003
Supplier,F5L178TTWHT,NA,4714CW014975,111111CW41122A0257,29/11/2014,4,PRIMAX,222551,1.5,NA,CW16N1411220003
Supplier,F5L178TTWHT,NA,4714CW014974,111111CW41122A0257,29/11/2014,4,PRIMAX,222551,1.5,NA,CW16N1411220003
Supplier,F5L178TTWHT,NA,4714CW014973,111111CW41122A0257,29/11/2014,4,PRIMAX,222551,1.5,NA,CW16N1411220003
Supplier,F5L178TTWHT,NA,4714CW014972,111111CW41122A0256,29/11/2014,4,PRIMAX,222551,1.5,NA,CW16N1411220003
Supplier,F5L178TTWHT,NA,4714CW014971,111111CW41122A0256,29/11/2014,4,PRIMAX,222551,1.5,NA,CW16N1411220003
Supplier,F5L178TTWHT,NA,4714CW014970,111111CW41122A0256,29/11/2014,4,PRIMAX,222551,1.5,NA,CW16N1411220003
Supplier,F5L178TTWHT,NA,4714CW014969,111111CW41122A0256,29/11/2014,4,PRIMAX,222551,1.5,NA,CW16N1411220003
Supplier,F5L178TTWHT,NA,4714CW014968,111111CW41122A0255,29/11/2014,4,PRIMAX,222551,1.5,NA,CW16N1411220003
Supplier,F5L178TTWHT,NA,4714CW014967,111111CW41122A0255,29/11/2014,4,PRIMAX,222551,1.5,NA,CW16N1411220003
Supplier,F5L178TTWHT,NA,4714CW014966,111111CW41122A0255,29/11/2014,4,PRIMAX,222551,1.5,NA,CW16N1411220003
Supplier,F5L178TTWHT,NA,4714CW014965,111111CW41122A0255,29/11/2014,4,PRIMAX,222551,1.5,NA,CW16N1411220003
Supplier,F5L178TTWHT,NA,4714CW014964,111111CW41122A0254,29/11/2014,4,PRIMAX,222551,1.5,NA,CW16N1411220003
Supplier,F5L178TTWHT,NA,4714CW014963,111111CW41122A0254,29/11/2014,4,PRIMAX,222551,1.5,NA,CW16N1411220003
Supplier,F5L178TTWHT,NA,4714CW014962,111111CW41122A0254,29/11/2014,4,PRIMAX,222551,1.5,NA,CW16N1411220003
Supplier,F5L178TTWHT,NA,4714CW014961,111111CW41122A0254,29/11/2014,4,PRIMAX,222551,1.5,NA,CW16N1411220003
Supplier,F5L178TTWHT,NA,4714CW014960,111111CW41122A0253,29/11/2014,4,PRIMAX,222551,1.5,NA,CW16N1411220003
Supplier,F5L178TTWHT,NA,4714CW014959,111111CW41122A0253,29/11/2014,4,PRIMAX,222551,1.5,NA,CW16N1411220003
Supplier,F5L178TTWHT,NA,4714CW014958,111111CW41122A0253,29/11/2014,4,PRIMAX,222551,1.5,NA,CW16N1411220003
Supplier,F5L178TTWHT,NA,4714CW014957,111111CW41122A0253,29/11/2014,4,PRIMAX,222551,1.5,NA,CW16N1411220003
Supplier,F5L178TTWHT,NA,4714CW014956,111111CW41122A0252,29/11/2014,4,PRIMAX,222551,1.5,NA,CW16N1411220003
Supplier,F5L178TTWHT,NA,4714CW014955,111111CW41122A0252,29/11/2014,4,PRIMAX,222551,1.5,NA,CW16N1411220003
Supplier,F5L178TTWHT,NA,4714CW014954,111111CW41122A0252,29/11/2014,4,PRIMAX,222551,1.5,NA,CW16N1411220003
Supplier,F5L178TTWHT,NA,4714CW014953,111111CW41122A0252,29/11/2014,4,PRIMAX,222551,1.5,NA,CW16N1411220003
Supplier,F5L178TTWHT,NA,4714CW014952,111111CW41122A0251,29/11/2014,4,PRIMAX,222551,1.5,NA,CW16N1411220003
Supplier,F5L178TTWHT,NA,4714CW014951,111111CW41122A0251,29/11/2014,4,PRIMAX,222551,1.5,NA,CW16N1411220003
Supplier,F5L178TTWHT,NA,4714CW014950,111111CW41122A0251,29/11/2014,4,PRIMAX,222551,1.5,NA,CW16N1411220003
Supplier,F5L178TTWHT,NA,4714CW014949,111111CW41122A0251,29/11/2014,4,PRIMAX,222551,1.5,NA,CW16N1411220003
Supplier,F5L178TTWHT,NA,4714CW014948,111111CW41122A0250,29/11/2014,4,PRIMAX,222551,1.5,NA,CW16N1411220003
Supplier,F5L178TTWHT,NA,4714CW014947,111111CW41122A0250,29/11/2014,4,PRIMAX,222551,1.5,NA,CW16N1411220003
Supplier,F5L178TTWHT,NA,4714CW014946,111111CW41122A0250,29/11/2014,4,PRIMAX,222551,1.5,NA,CW16N1411220003
Supplier,F5L178TTWHT,NA,4714CW014945,111111CW41122A0250,29/11/2014,4,PRIMAX,222551,1.5,NA,CW16N1411220003
Supplier,F5L178TTWHT,NA,4714CW014944,111111CW41122A0249,29/11/2014,4,PRIMAX,222551,1.5,NA,CW16N1411220003
Supplier,F5L178TTWHT,NA,4714CW014943,111111CW41122A0249,29/11/2014,4,PRIMAX,222551,1.5,NA,CW16N1411220003
Supplier,F5L178TTWHT,NA,4714CW014942,111111CW41122A0249,29/11/2014,4,PRIMAX,222551,1.5,NA,CW16N1411220003
Supplier,F5L178TTWHT,NA,4714CW014941,111111CW41122A0249,29/11/2014,4,PRIMAX,222551,1.5,NA,CW16N1411220003
Supplier,F5L178TTWHT,NA,4714CW014940,111111CW41122A0248,29/11/2014,4,PRIMAX,222551,1.5,NA,CW16N1411220003
Supplier,F5L178TTWHT,NA,4714CW014939,111111CW41122A0248,29/11/2014,4,PRIMAX,222551,1.5,NA,CW16N1411220003
Supplier,F5L178TTWHT,NA,4714CW014938,111111CW41122A0248,29/11/2014,4,PRIMAX,222551,1.5,NA,CW16N1411220003
Supplier,F5L178TTWHT,NA,4714CW014937,111111CW41122A0248,29/11/2014,4,PRIMAX,222551,1.5,NA,CW16N1411220003
Supplier,F5L178TTWHT,NA,4714CW014936,111111CW41122A0247,29/11/2014,4,PRIMAX,222551,1.5,NA,CW16N1411220003
Supplier,F5L178TTWHT,NA,4714CW014935,111111CW41122A0247,29/11/2014,4,PRIMAX,222551,1.5,NA,CW16N1411220003
Supplier,F5L178TTWHT,NA,4714CW014934,111111CW41122A0247,29/11/2014,4,PRIMAX,222551,1.5,NA,CW16N1411220003
Supplier,F5L178TTWHT,NA,4714CW014933,111111CW41122A0247,29/11/2014,4,PRIMAX,222551,1.5,NA,CW16N1411220003
Supplier,F5L178TTWHT,NA,4714CW014932,111111CW41122A0246,29/11/2014,4,PRIMAX,222551,1.5,NA,CW16N1411220003
Supplier,F5L178TTWHT,NA,4714CW014931,111111CW41122A0246,29/11/2014,4,PRIMAX,222551,1.5,NA,CW16N1411220003
Supplier,F5L178TTWHT,NA,4714CW014930,111111CW41122A0246,29/11/2014,4,PRIMAX,222551,1.5,NA,CW16N1411220003
Supplier,F5L178TTWHT,NA,4714CW014929,111111CW41122A0246,29/11/2014,4,PRIMAX,222551,1.5,NA,CW16N1411220003
Supplier,F5L178TTWHT,NA,4714CW014928,111111CW41122A0245,29/11/2014,4,PRIMAX,222551,1.5,NA,CW16N1411220003
Supplier,F5L178TTWHT,NA,4714CW014927,111111CW41122A0245,29/11/2014,4,PRIMAX,222551,1.5,NA,CW16N1411220003
Supplier,F5L178TTWHT,NA,4714CW014926,111111CW41122A0245,29/11/2014,4,PRIMAX,222551,1.5,NA,CW16N1411220003
Supplier,F5L178TTWHT,NA,4714CW014925,111111CW41122A0245,29/11/2014,4,PRIMAX,222551,1.5,NA,CW16N1411220003
Supplier,F5L178TTWHT,NA,4714CW014924,111111CW41122A0244,29/11/2014,4,PRIMAX,222551,1.5,NA,CW16N1411220003
Supplier,F5L178TTWHT,NA,4714CW014923,111111CW41122A0244,29/11/2014,4,PRIMAX,222551,1.5,NA,CW16N1411220003
Supplier,F5L178TTWHT,NA,4714CW014922,111111CW41122A0244,29/11/2014,4,PRIMAX,222551,1.5,NA,CW16N1411220003
Supplier,F5L178TTWHT,NA,4714CW014921,111111CW41122A0244,29/11/2014,4,PRIMAX,222551,1.5,NA,CW16N1411220003
Supplier,F5L178TTWHT,NA,4714CW014920,111111CW41122A0243,29/11/2014,4,PRIMAX,222551,1.5,NA,CW16N1411220003
Supplier,F5L178TTWHT,NA,4714CW014919,111111CW41122A0243,29/11/2014,4,PRIMAX,222551,1.5,NA,CW16N1411220003
Supplier,F5L178TTWHT,NA,4714CW014918,111111CW41122A0243,29/11/2014,4,PRIMAX,222551,1.5,NA,CW16N1411220003
Supplier,F5L178TTWHT,NA,4714CW014917,111111CW41122A0243,29/11/2014,4,PRIMAX,222551,1.5,NA,CW16N1411220003
Supplier,F5L178TTWHT,NA,4714CW014916,111111CW41122A0242,29/11/2014,4,PRIMAX,222551,1.5,NA,CW16N1411220003
Supplier,F5L178TTWHT,NA,4714CW014915,111111CW41122A0242,29/11/2014,4,PRIMAX,222551,1.5,NA,CW16N1411220003
Supplier,F5L178TTWHT,NA,4714CW014914,111111CW41122A0242,29/11/2014,4,PRIMAX,222551,1.5,NA,CW16N1411220003
Supplier,F5L178TTWHT,NA,4714CW014913,111111CW41122A0242,29/11/2014,4,PRIMAX,222551,1.5,NA,CW16N1411220003
Supplier,F5L178TTWHT,NA,4714CW014912,111111CW41122A0241,29/11/2014,4,PRIMAX,222551,1.5,NA,CW16N1411220003
Supplier,F5L178TTWHT,NA,4714CW014911,111111CW41122A0241,29/11/2014,4,PRIMAX,222551,1.5,NA,CW16N1411220003
Supplier,F5L178TTWHT,NA,4714CW014910,111111CW41122A0241,29/11/2014,4,PRIMAX,222551,1.5,NA,CW16N1411220003
Supplier,F5L178TTWHT,NA,4714CW014909,111111CW41122A0241,29/11/2014,4,PRIMAX,222551,1.5,NA,CW16N1411220003
Supplier,F5L178TTWHT,NA,4714CW014908,111111CW41122A0240,29/11/2014,4,PRIMAX,222551,1.5,NA,CW16N1411220003
Supplier,F5L178TTWHT,NA,4714CW014907,111111CW41122A0240,29/11/2014,4,PRIMAX,222551,1.5,NA,CW16N1411220003
Supplier,F5L178TTWHT,NA,4714CW014906,111111CW41122A0240,29/11/2014,4,PRIMAX,222551,1.5,NA,CW16N1411220003
Supplier,F5L178TTWHT,NA,4714CW014905,111111CW41122A0240,29/11/2014,4,PRIMAX,222551,1.5,NA,CW16N1411220003
Supplier,F5L178TTWHT,NA,4714CW014904,111111CW41122A0239,29/11/2014,4,PRIMAX,222551,1.5,NA,CW16N1411220003
Supplier,F5L178TTWHT,NA,4714CW014903,111111CW41122A0239,29/11/2014,4,PRIMAX,222551,1.5,NA,CW16N1411220003
Supplier,F5L178TTWHT,NA,4714CW014902,111111CW41122A0239,29/11/2014,4,PRIMAX,222551,1.5,NA,CW16N1411220003
Supplier,F5L178TTWHT,NA,4714CW014901,111111CW41122A0239,29/11/2014,4,PRIMAX,222551,1.5,NA,CW16N1411220003
